name,seed,n_rep_periods,period_length,clustering_type,distance,weight_type,projection_error,termination_status,objective_value,evaluation_termination_status,evaluated_objective_value,total_spillage,total_borrow,time_to_preprocess,time_to_cluster,time_to_fit_weights,time_to_formulate_model,time_to_solve,time_to_read
gep_1_8760_k_means_euclidean_dirac_1000_0.0001,522,1,8760,k_means,euclidean,dirac,0.0,OPTIMAL,6.1837278445699625e7,N/A,,0.0,0.0,0.36671375,4.732393875,1.4e-5,19.208236666,177.603045084,0.66358875
gep_5_24_k_means_euclidean_dirac_1000_0.0001,522,5,24,k_means,euclidean,dirac,119.15885343607431,OPTIMAL,5.1130120074035995e7,OPTIMAL,1.8132347472774518e8,0.0,0.0,0.007571208,0.22327,8.34e-7,0.659622375,1.582652083,0.66358875
gep_5_24_k_medoids_euclidean_dirac_1000_0.0001,522,5,24,k_medoids,euclidean,dirac,147.71448108835776,OPTIMAL,5.287549701689109e7,OPTIMAL,1.5994003124883038e8,0.0,0.0,0.008128292,0.254964,8.75e-7,0.654532625,1.138729791,0.66358875
gep_5_24_hull_euclidean_dirac_1000_0.0001,522,5,24,hull,euclidean,dirac,173.4717128208796,OPTIMAL,6.2857240149566785e7,OPTIMAL,1.2353053467369208e8,0.0,0.0,0.008062208,0.78357175,1.083e-6,0.690141417,0.866917625,0.66358875
gep_5_24_k_means_euclidean_convex_1000_0.0001,522,5,24,k_means,euclidean,convex,115.27102805737931,OPTIMAL,5.103980846175238e7,OPTIMAL,1.766771521762383e8,0.0,0.0,0.007847917,0.216532791,4.118276458,0.587482667,1.253879084,0.66358875
gep_5_24_k_medoids_euclidean_convex_1000_0.0001,522,5,24,k_medoids,euclidean,convex,133.43397128901418,OPTIMAL,5.288264368967347e7,OPTIMAL,1.564668136490997e8,0.0,0.0,0.007859666,0.205206791,4.138653875,0.573802833,1.492039167,0.66358875
gep_5_24_hull_euclidean_convex_1000_0.0001,522,5,24,hull,euclidean,convex,129.41207299677853,OPTIMAL,6.170421914749668e7,OPTIMAL,1.3263363744329967e8,0.0,0.0,0.007922417,1.152947667,2.946096791,0.588040167,1.419676584,0.66358875
gep_5_24_k_means_euclidean_conical_bounded_1000_0.0001,522,5,24,k_means,euclidean,conical_bounded,114.01934515176552,OPTIMAL,5.065374321743211e7,OPTIMAL,1.7313373089376804e8,0.0,0.0,0.007670542,0.206863416,3.886560625,0.541194625,1.283170167,0.66358875
gep_5_24_k_medoids_euclidean_conical_bounded_1000_0.0001,522,5,24,k_medoids,euclidean,conical_bounded,130.45762468057166,OPTIMAL,5.21872833099272e7,OPTIMAL,1.5506196794688836e8,0.0,0.0,0.007778333,0.209882417,4.230269083,0.5486575,1.529038916,0.66358875
gep_5_24_hull_euclidean_conical_bounded_1000_0.0001,522,5,24,hull,euclidean,conical_bounded,120.63951748592591,OPTIMAL,6.0063438614278354e7,OPTIMAL,7.264181791575289e7,0.0,0.0,0.007576125,1.536164458,3.479881792,0.566212084,1.506571375,0.66358875
gep_5_24_k_means_euclidean_conical_1000_0.0001,522,5,24,k_means,euclidean,conical,115.04865492430278,OPTIMAL,5.177220503903552e7,OPTIMAL,1.833663783139645e8,0.0,0.0,0.007715,0.19921025,2.466862666,0.547475708,1.123618709,0.66358875
gep_5_24_k_medoids_euclidean_conical_1000_0.0001,522,5,24,k_medoids,euclidean,conical,140.2147443790478,OPTIMAL,5.314974304139248e7,OPTIMAL,1.5985282363090986e8,0.0,0.0,0.007826459,0.603196125,2.186436708,0.544237625,1.361111958,0.66358875
gep_5_24_hull_euclidean_conical_1000_0.0001,522,5,24,hull,euclidean,conical,127.12535153190645,OPTIMAL,6.922484244260426e7,OPTIMAL,6.643101451200378e7,0.0,0.0,0.007715833,3.402552625,0.0352215,0.566765292,1.143148542,0.66358875
gep_10_24_k_means_euclidean_dirac_1000_0.0001,522,10,24,k_means,euclidean,dirac,113.76643529763633,OPTIMAL,5.173350550777636e7,OPTIMAL,1.3117838763791856e8,0.0,0.0,0.007700584,0.206063875,1.334e-6,1.380085667,2.510711542,0.66358875
gep_10_24_k_medoids_euclidean_dirac_1000_0.0001,522,10,24,k_medoids,euclidean,dirac,141.96924207749518,OPTIMAL,5.417770562724446e7,OPTIMAL,1.4654444576639667e8,0.0,0.0,0.00764975,0.207127542,7.5e-7,1.376034917,2.319009292,0.66358875
gep_10_24_hull_euclidean_dirac_1000_0.0001,522,10,24,hull,euclidean,dirac,163.04728312214434,OPTIMAL,7.387734504087318e7,OPTIMAL,6.821735691224927e7,0.0,0.0,0.007972542,1.263286333,9.58e-7,0.7287785,2.913784,0.66358875
gep_10_24_k_means_euclidean_convex_1000_0.0001,522,10,24,k_means,euclidean,convex,109.75232499543577,OPTIMAL,5.1779415804799445e7,OPTIMAL,1.3242641798781073e8,0.0,0.0,0.007822166,0.891594375,4.151407292,0.731505042,2.691076458,0.66358875
gep_10_24_k_medoids_euclidean_convex_1000_0.0001,522,10,24,k_medoids,euclidean,convex,124.83461105055868,OPTIMAL,5.389544715356297e7,OPTIMAL,1.4453644358079192e8,0.0,0.0,0.007746083,0.206500416,5.419480334,0.785624708,3.045317792,0.66358875
gep_10_24_hull_euclidean_convex_1000_0.0001,522,10,24,hull,euclidean,convex,113.57617621396463,OPTIMAL,7.14280855775156e7,OPTIMAL,6.943606140373045e7,0.0,0.0,0.007506917,1.30576075,4.3406365,0.763102625,2.478534708,0.66358875
gep_10_24_k_means_euclidean_conical_bounded_1000_0.0001,522,10,24,k_means,euclidean,conical_bounded,108.60912224309152,OPTIMAL,5.1393325141678825e7,OPTIMAL,1.3236147952123597e8,0.0,0.0,0.007661875,0.21695275,5.037682625,0.727212459,2.640453125,0.66358875
gep_10_24_k_medoids_euclidean_conical_bounded_1000_0.0001,522,10,24,k_medoids,euclidean,conical_bounded,123.7398169440952,OPTIMAL,5.354730870643793e7,OPTIMAL,1.4412059705827805e8,0.0,0.0,0.007847791,0.209900041,5.304299291,0.791138709,2.714157875,0.66358875
gep_10_24_hull_euclidean_conical_bounded_1000_0.0001,522,10,24,hull,euclidean,conical_bounded,111.32824247619048,OPTIMAL,5.9899631667015284e7,OPTIMAL,6.949330907763323e7,0.0,0.0,0.007829125,1.46276525,4.900978917,0.755291167,2.835413208,0.66358875
gep_10_24_k_means_euclidean_conical_1000_0.0001,522,10,24,k_means,euclidean,conical,109.69942084589393,OPTIMAL,5.243292511757923e7,OPTIMAL,1.315849191624734e8,0.0,0.0,0.007724625,0.219349584,3.365301791,0.726079875,2.457291666,0.66358875
gep_10_24_k_medoids_euclidean_conical_1000_0.0001,522,10,24,k_medoids,euclidean,conical,130.66591524447594,OPTIMAL,5.458808740947392e7,OPTIMAL,1.4693137049901977e8,0.0,0.0,0.007798208,0.207450209,3.432138416,0.743910459,2.634874208,0.66358875
gep_10_24_hull_euclidean_conical_1000_0.0001,522,10,24,hull,euclidean,conical,119.98594153400867,OPTIMAL,6.635815336444706e7,OPTIMAL,6.5151084992734395e7,0.0,0.0,0.007644333,3.517351917,3.946831958,0.756228291,2.949937709,0.66358875
gep_20_24_k_means_euclidean_dirac_1000_0.0001,522,20,24,k_means,euclidean,dirac,108.50886004776791,OPTIMAL,5.259740566347875e7,OPTIMAL,1.0324601840301523e8,0.0,0.0,0.007738708,0.20927775,8.34e-7,1.854824917,6.789480375,0.66358875
gep_20_24_k_medoids_euclidean_dirac_1000_0.0001,522,20,24,k_medoids,euclidean,dirac,136.47321724682828,OPTIMAL,5.481039304988265e7,OPTIMAL,1.260304932695861e8,0.0,0.0,0.007727084,0.207742833,1.25e-6,1.854806458,9.340417833,0.66358875
gep_20_24_hull_euclidean_dirac_1000_0.0001,522,20,24,hull,euclidean,dirac,149.11955677327688,OPTIMAL,6.440762436222026e7,OPTIMAL,6.273990461685777e7,0.0,0.0,0.007700375,2.054155209,1.166e-6,1.135979125,8.669919084,0.66358875
gep_20_24_k_means_euclidean_convex_1000_0.0001,522,20,24,k_means,euclidean,convex,103.01174415568444,OPTIMAL,5.2598162392992124e7,OPTIMAL,1.034777663777938e8,0.0,0.0,0.007585375,0.214407292,7.633947709,1.142740333,19.930256833,0.66358875
gep_20_24_k_medoids_euclidean_convex_1000_0.0001,522,20,24,k_medoids,euclidean,convex,115.76925610546772,OPTIMAL,5.4458668966365695e7,OPTIMAL,1.2614853908553134e8,0.0,0.0,0.0077835,0.202214375,7.678861667,1.227608042,26.419024958,0.66358875
gep_20_24_hull_euclidean_convex_1000_0.0001,522,20,24,hull,euclidean,convex,102.64688589446578,OPTIMAL,6.788046094573459e7,OPTIMAL,6.2979372148402475e7,0.0,0.0,0.007687583,1.702949917,6.841229084,1.23045525,17.878950917,0.66358875
gep_20_24_k_means_euclidean_conical_bounded_1000_0.0001,522,20,24,k_means,euclidean,conical_bounded,102.10534847670681,OPTIMAL,5.2293994423744105e7,OPTIMAL,1.0376926400621997e8,0.0,0.0,0.007801625,0.209642333,8.375889875,1.120598792,19.213538167,0.66358875
gep_20_24_k_medoids_euclidean_conical_bounded_1000_0.0001,522,20,24,k_medoids,euclidean,conical_bounded,114.13896337427556,OPTIMAL,5.400972232446861e7,OPTIMAL,1.2534763298289263e8,0.0,0.0,0.007699708,0.204337959,7.775256959,1.173774458,27.386241,0.66358875
gep_20_24_hull_euclidean_conical_bounded_1000_0.0001,522,20,24,hull,euclidean,conical_bounded,101.03931950625943,OPTIMAL,6.019808611194112e7,OPTIMAL,6.70175553578372e7,0.0,0.0,0.007777458,1.855438042,7.156244875,1.188968334,10.765723667,0.66358875
gep_20_24_k_means_euclidean_conical_1000_0.0001,522,20,24,k_means,euclidean,conical,103.30201841360567,OPTIMAL,5.3180816954068124e7,OPTIMAL,1.039324381536777e8,0.0,0.0,0.00775675,0.206786791,5.248853125,1.166023791,12.110275,0.66358875
gep_20_24_k_medoids_euclidean_conical_1000_0.0001,522,20,24,k_medoids,euclidean,conical,123.05539465498038,OPTIMAL,5.517131547148531e7,OPTIMAL,1.2741580005551094e8,0.0,0.0,0.007816208,0.219842917,4.616629292,1.130510042,13.787200709,0.66358875
gep_20_24_hull_euclidean_conical_1000_0.0001,522,20,24,hull,euclidean,conical,107.08888290670377,OPTIMAL,6.727871854459745e7,OPTIMAL,6.617778015789292e7,0.0,0.0,0.007724,4.632041792,5.849256,1.168991166,20.934990417,0.66358875
gep_40_24_k_means_euclidean_dirac_1000_0.0001,522,40,24,k_means,euclidean,dirac,101.81145536981693,OPTIMAL,5.305180411470511e7,OPTIMAL,9.665703877454913e7,0.0,0.0,0.007745042,0.22912675,1.042e-6,2.306061167,24.042625042,0.66358875
gep_40_24_k_medoids_euclidean_dirac_1000_0.0001,522,40,24,k_medoids,euclidean,dirac,128.42133287812567,OPTIMAL,5.7224862678853594e7,OPTIMAL,9.717089592277452e7,0.0,0.0,0.007707791,0.469879917,7.5e-7,2.010790583,27.744127875,0.66358875
gep_40_24_hull_euclidean_dirac_1000_0.0001,522,40,24,hull,euclidean,dirac,137.53099530359475,OPTIMAL,6.166088591425453e7,OPTIMAL,6.2673645349849075e7,0.0,0.0,0.007709709,2.788454583,1.0e-6,1.939631209,17.73353625,0.66358875
gep_40_24_k_means_euclidean_convex_1000_0.0001,522,40,24,k_means,euclidean,convex,95.58773764180341,OPTIMAL,5.309505636341162e7,OPTIMAL,9.624771056308669e7,0.0,0.0,0.007664042,0.924697541,12.163727708,1.949481417,43.743845542,0.66358875
gep_40_24_k_medoids_euclidean_convex_1000_0.0001,522,40,24,k_medoids,euclidean,convex,101.90766852590698,OPTIMAL,5.7609862611712635e7,OPTIMAL,9.763686529920465e7,0.0,0.0,0.008001375,0.610195292,11.925888333,2.019223833,39.446029291,0.66358875
gep_40_24_hull_euclidean_convex_1000_0.0001,522,40,24,hull,euclidean,convex,92.14706243314228,OPTIMAL,6.457814480088775e7,OPTIMAL,6.247882596411914e7,0.0,0.0,0.007740833,3.027955291,11.411980792,2.095814875,41.120219042,0.66358875
gep_40_24_k_means_euclidean_conical_bounded_1000_0.0001,522,40,24,k_means,euclidean,conical_bounded,95.10214774807099,OPTIMAL,5.2835934288033016e7,OPTIMAL,9.579309831062692e7,0.0,0.0,0.007801167,0.208759167,12.929604125,2.023855334,36.719545917,0.66358875
gep_40_24_k_medoids_euclidean_conical_bounded_1000_0.0001,522,40,24,k_medoids,euclidean,conical_bounded,100.89569287228296,OPTIMAL,5.679379310439874e7,OPTIMAL,9.909462820997605e7,0.0,0.0,0.007653958,0.200695208,12.107207416,1.992826042,43.562832375,0.66358875
gep_40_24_hull_euclidean_conical_bounded_1000_0.0001,522,40,24,hull,euclidean,conical_bounded,90.32187715430886,OPTIMAL,6.4817469349927075e7,OPTIMAL,6.261791605933832e7,0.0,0.0,0.007743833,3.385775292,11.295577959,2.022603292,37.628372375,0.66358875
gep_40_24_k_means_euclidean_conical_1000_0.0001,522,40,24,k_means,euclidean,conical,97.11861390267696,OPTIMAL,5.343070966374049e7,OPTIMAL,9.618430402482902e7,0.0,0.0,0.007843292,0.213851292,7.879193959,2.059717458,40.396993292,0.66358875
gep_40_24_k_medoids_euclidean_conical_1000_0.0001,522,40,24,k_medoids,euclidean,conical,109.04561249498651,OPTIMAL,5.793238341392808e7,OPTIMAL,9.81776632708679e7,0.0,0.0,0.00773275,0.900572417,7.57895075,1.990008125,40.977121875,0.66358875
gep_40_24_hull_euclidean_conical_1000_0.0001,522,40,24,hull,euclidean,conical,96.45815187951132,OPTIMAL,6.569264112526565e7,OPTIMAL,6.2637218641399726e7,0.0,0.0,0.007744416,5.7512115,9.374057958,2.030115,36.291044792,0.66358875
gep_80_24_k_means_euclidean_dirac_1000_0.0001,522,80,24,k_means,euclidean,dirac,93.68100603159563,OPTIMAL,5.406814567684231e7,OPTIMAL,7.815304723943137e7,0.0,0.0,0.007753875,0.209114166,1.166e-6,3.828051292,69.897878,0.66358875
gep_80_24_k_medoids_euclidean_dirac_1000_0.0001,522,80,24,k_medoids,euclidean,dirac,117.68921495237575,OPTIMAL,6.096659615870038e7,OPTIMAL,6.597175638762736e7,0.0,0.0,0.007997667,0.492542625,8.75e-7,4.615307333,48.499693958,0.66358875
gep_80_24_hull_euclidean_dirac_1000_0.0001,522,80,24,hull,euclidean,dirac,119.26227427209925,OPTIMAL,6.2487723378840365e7,OPTIMAL,6.238743738936756e7,0.0,0.0,0.007758125,5.0933415,9.58e-7,3.781229916,64.626699792,0.66358875
gep_80_24_k_means_euclidean_convex_1000_0.0001,522,80,24,k_means,euclidean,convex,86.60046972919189,OPTIMAL,5.389430693123945e7,OPTIMAL,7.797599412300111e7,0.0,0.0,0.007746,0.215300083,22.494513041,4.539783,187.907368583,0.66358875
gep_80_24_k_medoids_euclidean_convex_1000_0.0001,522,80,24,k_medoids,euclidean,convex,93.74799894075316,OPTIMAL,5.997835393542631e7,OPTIMAL,6.612374571618664e7,0.0,0.0,0.007854,0.45072975,18.306044958,4.082729,236.8922695,0.66358875
gep_80_24_hull_euclidean_convex_1000_0.0001,522,80,24,hull,euclidean,convex,78.0646361575528,OPTIMAL,6.384897304399819e7,OPTIMAL,6.22571923073665e7,0.0,0.0,0.007750792,5.068608167,17.977116625,3.940842208,149.920449125,0.66358875
gep_80_24_k_means_euclidean_conical_bounded_1000_0.0001,522,80,24,k_means,euclidean,conical_bounded,86.2443625015746,OPTIMAL,5.3665033377371565e7,OPTIMAL,7.843201539226194e7,0.0,0.0,0.007818916,0.218323459,22.567331417,4.039434292,176.604604042,0.66358875
gep_80_24_k_medoids_euclidean_conical_bounded_1000_0.0001,522,80,24,k_medoids,euclidean,conical_bounded,93.2715187073333,OPTIMAL,5.95928277145319e7,OPTIMAL,6.601662344943666e7,0.0,0.0,0.007812375,0.223657917,19.100560917,3.927203959,246.727099667,0.66358875
gep_80_24_hull_euclidean_conical_bounded_1000_0.0001,522,80,24,hull,euclidean,conical_bounded,77.37675934470052,OPTIMAL,6.370342761180399e7,OPTIMAL,6.243312839668772e7,0.0,0.0,0.007786833,5.676053958,17.953663958,3.963886042,208.271280542,0.66358875
gep_80_24_k_means_euclidean_conical_1000_0.0001,522,80,24,k_means,euclidean,conical,91.50768097192284,OPTIMAL,5.411101654868725e7,OPTIMAL,7.828696731910491e7,0.0,0.0,0.007714167,0.22678875,6.620133292,4.608216333,234.393978833,0.66358875
gep_80_24_k_medoids_euclidean_conical_1000_0.0001,522,80,24,k_medoids,euclidean,conical,106.3519972957914,OPTIMAL,6.0912943724208474e7,OPTIMAL,6.581347812922506e7,0.0,0.0,0.007731333,0.199659042,9.209062958,3.831852834,245.848933417,0.66358875
gep_80_24_hull_euclidean_conical_1000_0.0001,522,80,24,hull,euclidean,conical,106.56921104566369,OPTIMAL,6.338717001952739e7,OPTIMAL,6.226668003798109e7,0.0,0.0,0.0076845,9.275233,6.620481917,3.816304875,206.311461292,0.66358875
gep_1_8760_k_means_euclidean_dirac_1000_0.0001,587,1,8760,k_means,euclidean,dirac,0.0,OPTIMAL,6.1837278445682004e7,N/A,,0.0,0.0,0.007437959,0.212609166,1.417e-6,17.361972041,174.014610125,0.419225916
gep_5_24_k_means_euclidean_dirac_1000_0.0001,587,5,24,k_means,euclidean,dirac,119.15885343607431,OPTIMAL,5.1130120074035995e7,OPTIMAL,1.8132347472774518e8,0.0,0.0,0.00778725,0.357858667,8.75e-7,0.58944425,0.79872575,0.419225916
gep_5_24_k_medoids_euclidean_dirac_1000_0.0001,587,5,24,k_medoids,euclidean,dirac,147.71448108835776,OPTIMAL,5.287549701689109e7,OPTIMAL,1.5994003124883038e8,0.0,0.0,0.007745708,0.881723292,1.166e-6,0.598452375,1.085094459,0.419225916
gep_5_24_hull_euclidean_dirac_1000_0.0001,587,5,24,hull,euclidean,dirac,173.4717128208796,OPTIMAL,6.2857240149566785e7,OPTIMAL,1.2353053467369208e8,0.0,0.0,0.007728833,0.744460875,1.208e-6,0.670683333,0.767650958,0.419225916
gep_5_24_k_means_euclidean_convex_1000_0.0001,587,5,24,k_means,euclidean,convex,115.27102805737931,OPTIMAL,5.103980846175238e7,OPTIMAL,1.766771521762383e8,0.0,0.0,0.007832042,0.900882875,2.707494584,0.56085575,1.243471708,0.419225916
gep_5_24_k_medoids_euclidean_convex_1000_0.0001,587,5,24,k_medoids,euclidean,convex,133.43397128901418,OPTIMAL,5.288264368967347e7,OPTIMAL,1.5646681364912102e8,0.0,0.0,0.007776666,0.21094575,3.81451175,0.562866,1.471588625,0.419225916
gep_5_24_hull_euclidean_convex_1000_0.0001,587,5,24,hull,euclidean,convex,129.41207299677853,OPTIMAL,6.170421914749668e7,OPTIMAL,1.3263363744329967e8,0.0,0.0,0.007777875,1.167151042,3.041518041,0.544106958,1.33126075,0.419225916
gep_5_24_k_means_euclidean_conical_bounded_1000_0.0001,587,5,24,k_means,euclidean,conical_bounded,114.01934515176552,OPTIMAL,5.065374321743211e7,OPTIMAL,1.7313373089376804e8,0.0,0.0,0.007745833,0.208552958,3.637591125,0.54125,1.182113834,0.419225916
gep_5_24_k_medoids_euclidean_conical_bounded_1000_0.0001,587,5,24,k_medoids,euclidean,conical_bounded,130.45762468057166,OPTIMAL,5.21872833099272e7,OPTIMAL,1.5506196794688836e8,0.0,0.0,0.007853875,0.210705458,4.111913208,0.541104583,1.345467875,0.419225916
gep_5_24_hull_euclidean_conical_bounded_1000_0.0001,587,5,24,hull,euclidean,conical_bounded,120.63951748592591,OPTIMAL,6.0063438614278354e7,OPTIMAL,7.264181791575289e7,0.0,0.0,0.007742083,1.207167916,3.388350084,0.566376125,1.458068459,0.419225916
gep_5_24_k_means_euclidean_conical_1000_0.0001,587,5,24,k_means,euclidean,conical,115.04865492430278,OPTIMAL,5.177220503903552e7,OPTIMAL,1.833663783139645e8,0.0,0.0,0.007751959,0.208744083,2.432463042,0.534940875,1.099416083,0.419225916
gep_5_24_k_medoids_euclidean_conical_1000_0.0001,587,5,24,k_medoids,euclidean,conical,140.2147443790478,OPTIMAL,5.314974304139248e7,OPTIMAL,1.5985282363090986e8,0.0,0.0,0.00781825,0.205868208,2.198919959,0.56401375,1.21329175,0.419225916
gep_5_24_hull_euclidean_conical_1000_0.0001,587,5,24,hull,euclidean,conical,127.12535153190645,OPTIMAL,6.922484244260426e7,OPTIMAL,6.643101451200378e7,0.0,0.0,0.007692,2.990736625,0.044309875,0.590287125,1.074717167,0.419225916
gep_10_24_k_means_euclidean_dirac_1000_0.0001,587,10,24,k_means,euclidean,dirac,113.76643529763633,OPTIMAL,5.173350550777636e7,OPTIMAL,1.3117838763791856e8,0.0,0.0,0.007965,0.219309792,1.167e-6,0.909205292,2.137882125,0.419225916
gep_10_24_k_medoids_euclidean_dirac_1000_0.0001,587,10,24,k_medoids,euclidean,dirac,141.96924207749518,OPTIMAL,5.417770562724446e7,OPTIMAL,1.4654444576639667e8,0.0,0.0,0.007684875,0.212285,1.167e-6,0.68867325,2.199426917,0.419225916
gep_10_24_hull_euclidean_dirac_1000_0.0001,587,10,24,hull,euclidean,dirac,163.04728312214434,OPTIMAL,7.387734504087318e7,OPTIMAL,6.821735691224927e7,0.0,0.0,0.00779175,1.677881084,9.58e-7,0.761865958,2.661095792,0.419225916
gep_10_24_k_means_euclidean_convex_1000_0.0001,587,10,24,k_means,euclidean,convex,109.75232499543577,OPTIMAL,5.1779415804799445e7,OPTIMAL,1.3242641798781073e8,0.0,0.0,0.007765541,0.911648959,4.156507583,0.731283125,2.534540083,0.419225916
gep_10_24_k_medoids_euclidean_convex_1000_0.0001,587,10,24,k_medoids,euclidean,convex,124.83461105055868,OPTIMAL,5.389544715356297e7,OPTIMAL,1.4453644358079192e8,0.0,0.0,0.007699333,0.207828542,5.428382667,0.75260475,2.864562667,0.419225916
gep_10_24_hull_euclidean_convex_1000_0.0001,587,10,24,hull,euclidean,convex,113.57617621396463,OPTIMAL,7.14280855775156e7,OPTIMAL,6.943606140373045e7,0.0,0.0,0.007827375,1.656450916,4.498722958,0.760040208,2.443883333,0.419225916
gep_10_24_k_means_euclidean_conical_bounded_1000_0.0001,587,10,24,k_means,euclidean,conical_bounded,108.60912224309152,OPTIMAL,5.1393325141678825e7,OPTIMAL,1.3236147952123597e8,0.0,0.0,0.007800041,0.220424833,5.457272875,0.724092542,2.483661291,0.419225916
gep_10_24_k_medoids_euclidean_conical_bounded_1000_0.0001,587,10,24,k_medoids,euclidean,conical_bounded,123.7398169440952,OPTIMAL,5.354730870643793e7,OPTIMAL,1.4412059705827805e8,0.0,0.0,0.007698625,0.212995709,5.443269375,0.753711917,2.548055875,0.419225916
gep_10_24_hull_euclidean_conical_bounded_1000_0.0001,587,10,24,hull,euclidean,conical_bounded,111.32824247619048,OPTIMAL,5.9899631667015284e7,OPTIMAL,6.949330907763323e7,0.0,0.0,0.00785,1.45176775,4.699789917,0.770838542,2.65033925,0.419225916
gep_10_24_k_means_euclidean_conical_1000_0.0001,587,10,24,k_means,euclidean,conical,109.69942084589393,OPTIMAL,5.243292511757882e7,OPTIMAL,1.3512928567741883e8,0.0,0.0,0.007808834,0.221658584,3.411859791,0.718740583,2.461892584,0.419225916
gep_10_24_k_medoids_euclidean_conical_1000_0.0001,587,10,24,k_medoids,euclidean,conical,130.66591524447594,OPTIMAL,5.458808740947349e7,OPTIMAL,1.4711982913431862e8,0.0,0.0,0.007840084,0.211170666,3.396390125,0.75356125,2.268060125,0.419225916
gep_10_24_hull_euclidean_conical_1000_0.0001,587,10,24,hull,euclidean,conical,119.98594153400867,OPTIMAL,6.635815336449362e7,OPTIMAL,6.6288951366017215e7,0.0,0.0,0.007722375,3.493453042,4.042965708,0.7602,2.73218125,0.419225916
gep_20_24_k_means_euclidean_dirac_1000_0.0001,587,20,24,k_means,euclidean,dirac,108.50886004776791,OPTIMAL,5.259740566347875e7,OPTIMAL,1.0324601840301523e8,0.0,0.0,0.007766167,0.219867,1.0e-6,1.861924209,6.69976125,0.419225916
gep_20_24_k_medoids_euclidean_dirac_1000_0.0001,587,20,24,k_medoids,euclidean,dirac,136.47321724682828,OPTIMAL,5.481039304988265e7,OPTIMAL,1.260304932695861e8,0.0,0.0,0.007832958,0.209778375,1.208e-6,1.853289208,8.875043333,0.419225916
gep_20_24_hull_euclidean_dirac_1000_0.0001,587,20,24,hull,euclidean,dirac,149.11955677327688,OPTIMAL,6.440762436222026e7,OPTIMAL,6.273990461685777e7,0.0,0.0,0.007881,2.276380958,1.25e-6,1.116195959,8.067362458,0.419225916
gep_20_24_k_means_euclidean_convex_1000_0.0001,587,20,24,k_means,euclidean,convex,103.01174415568444,OPTIMAL,5.2598162392992124e7,OPTIMAL,1.034777663777938e8,0.0,0.0,0.00775125,0.215016667,7.724824333,1.13742925,19.528463333,0.419225916
gep_20_24_k_medoids_euclidean_convex_1000_0.0001,587,20,24,k_medoids,euclidean,convex,115.76925610546772,OPTIMAL,5.4458668966365695e7,OPTIMAL,1.2614853908553134e8,0.0,0.0,0.007785458,0.607945917,8.333909792,1.165400166,25.07452825,0.419225916
gep_20_24_hull_euclidean_convex_1000_0.0001,587,20,24,hull,euclidean,convex,102.64688589446578,OPTIMAL,6.788046094573459e7,OPTIMAL,6.2979372148402475e7,0.0,0.0,0.007703583,1.747998625,6.786804333,1.380675459,17.555287084,0.419225916
gep_20_24_k_means_euclidean_conical_bounded_1000_0.0001,587,20,24,k_means,euclidean,conical_bounded,102.10534847670681,OPTIMAL,5.2293994423744105e7,OPTIMAL,1.0376926400621997e8,0.0,0.0,0.007899375,0.223596792,8.040515417,1.124461375,18.592390875,0.419225916
gep_20_24_k_medoids_euclidean_conical_bounded_1000_0.0001,587,20,24,k_medoids,euclidean,conical_bounded,114.13896337427556,OPTIMAL,5.400972232446861e7,OPTIMAL,1.2534763298289263e8,0.0,0.0,0.0078075,0.195667834,7.809622375,1.155270334,26.364695833,0.419225916
gep_20_24_hull_euclidean_conical_bounded_1000_0.0001,587,20,24,hull,euclidean,conical_bounded,101.03931950625943,OPTIMAL,6.0198086111941606e7,OPTIMAL,6.71217062874009e7,0.0,0.0,0.007775541,2.527700167,6.958112042,1.182665833,10.873811708,0.419225916
gep_20_24_k_means_euclidean_conical_1000_0.0001,587,20,24,k_means,euclidean,conical,103.30201841360567,OPTIMAL,5.3180816954068124e7,OPTIMAL,1.039324381536777e8,0.0,0.0,0.007700042,0.220531875,5.265094833,1.140304292,11.228468292,0.419225916
gep_20_24_k_medoids_euclidean_conical_1000_0.0001,587,20,24,k_medoids,euclidean,conical,123.05539465498038,OPTIMAL,5.517131547148531e7,OPTIMAL,1.2741580005551094e8,0.0,0.0,0.007701959,0.209629208,4.585622541,1.149071792,13.267643333,0.419225916
gep_20_24_hull_euclidean_conical_1000_0.0001,587,20,24,hull,euclidean,conical,107.08888290670377,OPTIMAL,6.727871854459745e7,OPTIMAL,6.617778015789292e7,0.0,0.0,0.007914375,4.667105834,5.846655333,1.198630208,20.021340667,0.419225916
gep_40_24_k_means_euclidean_dirac_1000_0.0001,587,40,24,k_means,euclidean,dirac,101.81145536981693,OPTIMAL,5.305180411470511e7,OPTIMAL,9.665703877454913e7,0.0,0.0,0.007870917,0.220808166,9.58e-7,2.115673875,23.23164075,0.419225916
gep_40_24_k_medoids_euclidean_dirac_1000_0.0001,587,40,24,k_medoids,euclidean,dirac,128.42133287812567,OPTIMAL,5.7224862678853594e7,OPTIMAL,9.717089592277452e7,0.0,0.0,0.007776084,0.591525167,1.167e-6,2.739882208,26.423303375,0.419225916
gep_40_24_hull_euclidean_dirac_1000_0.0001,587,40,24,hull,euclidean,dirac,137.53099530359475,OPTIMAL,6.166088591425453e7,OPTIMAL,6.2673645349849075e7,0.0,0.0,0.009055333,1.909415334,1.208e-6,2.1347865,22.181669417,0.419225916
gep_40_24_k_means_euclidean_convex_1000_0.0001,587,40,24,k_means,euclidean,convex,95.58773764180341,OPTIMAL,5.309505636341162e7,OPTIMAL,9.624771056308669e7,0.0,0.0,0.008229416,0.720673,15.885826958,2.038283,48.155868209,0.419225916
gep_40_24_k_medoids_euclidean_convex_1000_0.0001,587,40,24,k_medoids,euclidean,convex,101.90766852590698,OPTIMAL,5.7609862611712635e7,OPTIMAL,9.763686529920465e7,0.0,0.0,0.007693,0.64549375,12.27516325,1.983769542,37.384128833,0.419225916
gep_40_24_hull_euclidean_convex_1000_0.0001,587,40,24,hull,euclidean,convex,92.14706243314228,OPTIMAL,6.457814480088775e7,OPTIMAL,6.247882596411914e7,0.0,0.0,0.0079115,3.133508625,11.309318208,2.025319125,40.016213,0.419225916
gep_40_24_k_means_euclidean_conical_bounded_1000_0.0001,587,40,24,k_means,euclidean,conical_bounded,95.10214774807099,OPTIMAL,5.2835934288033016e7,OPTIMAL,9.579309831062692e7,0.0,0.0,0.007759208,0.239465375,13.21030275,2.791852833,36.255402125,0.419225916
gep_40_24_k_medoids_euclidean_conical_bounded_1000_0.0001,587,40,24,k_medoids,euclidean,conical_bounded,100.89569287228296,OPTIMAL,5.679379310439874e7,OPTIMAL,9.909462820997605e7,0.0,0.0,0.007701584,0.211507792,12.161865791,1.998734625,41.83360775,0.419225916
gep_40_24_hull_euclidean_conical_bounded_1000_0.0001,587,40,24,hull,euclidean,conical_bounded,90.32187715430886,OPTIMAL,6.4817469349927075e7,OPTIMAL,6.261791605933832e7,0.0,0.0,0.007961084,3.449475834,11.372882708,2.017504625,37.470952084,0.419225916
gep_40_24_k_means_euclidean_conical_1000_0.0001,587,40,24,k_means,euclidean,conical,97.11861390267696,OPTIMAL,5.343070966374049e7,OPTIMAL,9.618430402482902e7,0.0,0.0,0.0077455,0.213469667,8.544503916,1.946109834,40.632228375,0.419225916
gep_40_24_k_medoids_euclidean_conical_1000_0.0001,587,40,24,k_medoids,euclidean,conical,109.04561249498651,OPTIMAL,5.793238341392808e7,OPTIMAL,9.81776632708679e7,0.0,0.0,0.007823833,0.600757083,8.632624708,1.958781416,40.301189208,0.419225916
gep_40_24_hull_euclidean_conical_1000_0.0001,587,40,24,hull,euclidean,conical,96.45815187951132,OPTIMAL,6.569264112526526e7,OPTIMAL,6.257752903077952e7,0.0,0.0,0.007811958,6.198963833,9.450819417,2.009298125,38.087675875,0.419225916
gep_80_24_k_means_euclidean_dirac_1000_0.0001,587,80,24,k_means,euclidean,dirac,93.68100603159563,OPTIMAL,5.406814567684132e7,OPTIMAL,7.810284947046925e7,0.0,0.0,0.007749875,0.222423584,1.208e-6,4.068524125,72.846076917,0.419225916
gep_80_24_k_medoids_euclidean_dirac_1000_0.0001,587,80,24,k_medoids,euclidean,dirac,117.68921495237575,OPTIMAL,6.096659615870038e7,OPTIMAL,6.597175638762736e7,0.0,0.0,0.007850667,0.212899917,1.167e-6,4.950466416,48.375461166,0.419225916
gep_80_24_hull_euclidean_dirac_1000_0.0001,587,80,24,hull,euclidean,dirac,119.26227427209925,OPTIMAL,6.2487723378840365e7,OPTIMAL,6.238743738936756e7,0.0,0.0,0.007777583,4.896336583,1.041e-6,3.823612583,63.839547333,0.419225916
gep_80_24_k_means_euclidean_convex_1000_0.0001,587,80,24,k_means,euclidean,convex,86.60046972919189,OPTIMAL,5.389430693123945e7,OPTIMAL,7.797599412300111e7,0.0,0.0,0.007807042,0.639103834,22.489078042,3.865603,186.720780083,0.419225916
gep_80_24_k_medoids_euclidean_convex_1000_0.0001,587,80,24,k_medoids,euclidean,convex,93.74799894075316,OPTIMAL,5.997835393542631e7,OPTIMAL,6.612374571618664e7,0.0,0.0,0.007816167,0.208010334,18.255365416,3.925705042,228.537448459,0.419225916
gep_80_24_hull_euclidean_convex_1000_0.0001,587,80,24,hull,euclidean,convex,78.0646361575528,OPTIMAL,6.384897304399819e7,OPTIMAL,6.22571923073665e7,0.0,0.0,0.007804709,5.000041083,17.946958959,3.975129958,148.721076459,0.419225916
gep_80_24_k_means_euclidean_conical_bounded_1000_0.0001,587,80,24,k_means,euclidean,conical_bounded,86.2443625015746,OPTIMAL,5.3665033377371565e7,OPTIMAL,7.843201539226194e7,0.0,0.0,0.00797975,0.221061125,23.086149666,3.895330208,174.64138775,0.419225916
gep_80_24_k_medoids_euclidean_conical_bounded_1000_0.0001,587,80,24,k_medoids,euclidean,conical_bounded,93.2715187073333,OPTIMAL,5.95928277145319e7,OPTIMAL,6.601662344943666e7,0.0,0.0,0.007853083,0.520095958,18.941595042,3.965266542,242.239642708,0.419225916
gep_80_24_hull_euclidean_conical_bounded_1000_0.0001,587,80,24,hull,euclidean,conical_bounded,77.37675934470052,OPTIMAL,6.370342761180399e7,OPTIMAL,6.243312839668772e7,0.0,0.0,0.007853125,5.375429458,18.102379334,3.997880375,208.546901792,0.419225916
gep_80_24_k_means_euclidean_conical_1000_0.0001,587,80,24,k_means,euclidean,conical,91.50768097192284,OPTIMAL,5.411101654868725e7,OPTIMAL,7.828696731910491e7,0.0,0.0,0.007824084,0.597739958,6.537125375,4.5851965,234.508796792,0.419225916
gep_80_24_k_medoids_euclidean_conical_1000_0.0001,587,80,24,k_medoids,euclidean,conical,106.3519972957914,OPTIMAL,6.0912943724208474e7,OPTIMAL,6.581347812922506e7,0.0,0.0,0.007793084,0.415737958,9.093305917,3.810013792,246.718980125,0.419225916
gep_80_24_hull_euclidean_conical_1000_0.0001,587,80,24,hull,euclidean,conical,106.56921104566369,OPTIMAL,6.338717001952739e7,OPTIMAL,6.226668003798109e7,0.0,0.0,0.007881125,9.14284075,6.593166792,3.833208709,202.486454375,0.419225916
gep_1_8760_k_means_euclidean_dirac_1000_0.0001,891,1,8760,k_means,euclidean,dirac,0.0,OPTIMAL,6.1837278445682004e7,N/A,,0.0,0.0,0.007408917,0.453996291,1.042e-6,16.94948525,174.025004042,0.4235055
gep_5_24_k_means_euclidean_dirac_1000_0.0001,891,5,24,k_means,euclidean,dirac,119.15885343607431,OPTIMAL,5.1130120074035995e7,OPTIMAL,1.8132347472774518e8,0.0,0.0,0.00784,0.216566458,1.0e-6,0.531751792,0.7059075,0.4235055
gep_5_24_k_medoids_euclidean_dirac_1000_0.0001,891,5,24,k_medoids,euclidean,dirac,147.71448108835776,OPTIMAL,5.287549701689109e7,OPTIMAL,1.5994003124883038e8,0.0,0.0,0.007811375,0.214280833,1.166e-6,0.524590666,1.141835542,0.4235055
gep_5_24_hull_euclidean_dirac_1000_0.0001,891,5,24,hull,euclidean,dirac,173.4717128208796,OPTIMAL,6.2857240149566785e7,OPTIMAL,1.2353053467369208e8,0.0,0.0,0.007839333,1.1852585,6.66e-7,0.535266209,0.815600416,0.4235055
gep_5_24_k_means_euclidean_convex_1000_0.0001,891,5,24,k_means,euclidean,convex,115.27102805737931,OPTIMAL,5.103980846175238e7,OPTIMAL,1.766771521762383e8,0.0,0.0,0.007775708,0.892486875,2.617807583,0.531051459,1.196194334,0.4235055
gep_5_24_k_medoids_euclidean_convex_1000_0.0001,891,5,24,k_medoids,euclidean,convex,133.43397128901418,OPTIMAL,5.288264368967347e7,OPTIMAL,1.5646681364912102e8,0.0,0.0,0.007815333,0.218675042,3.764297875,0.565583291,1.469460125,0.4235055
gep_5_24_hull_euclidean_convex_1000_0.0001,891,5,24,hull,euclidean,convex,129.41207299677853,OPTIMAL,6.170421914749668e7,OPTIMAL,1.3263363744331385e8,0.0,0.0,0.0078175,1.173170625,3.011188542,0.55050675,1.395467916,0.4235055
gep_5_24_k_means_euclidean_conical_bounded_1000_0.0001,891,5,24,k_means,euclidean,conical_bounded,114.01934515176552,OPTIMAL,5.065374321743211e7,OPTIMAL,1.7313373089376804e8,0.0,0.0,0.00768025,0.214402667,3.966905834,0.548715959,1.061337541,0.4235055
gep_5_24_k_medoids_euclidean_conical_bounded_1000_0.0001,891,5,24,k_medoids,euclidean,conical_bounded,130.45762468057166,OPTIMAL,5.21872833099272e7,OPTIMAL,1.5506196794688836e8,0.0,0.0,0.007796041,0.217156416,4.206901292,0.539842083,1.377568583,0.4235055
gep_5_24_hull_euclidean_conical_bounded_1000_0.0001,891,5,24,hull,euclidean,conical_bounded,120.63951748592591,OPTIMAL,6.0063438614278354e7,OPTIMAL,7.264181791575289e7,0.0,0.0,0.007966958,1.53228725,3.637663916,0.568746,1.45953325,0.4235055
gep_5_24_k_means_euclidean_conical_1000_0.0001,891,5,24,k_means,euclidean,conical,115.04865492430278,OPTIMAL,5.177220503903552e7,OPTIMAL,1.833663783139645e8,0.0,0.0,0.007760209,0.220240167,2.440473042,0.54423875,1.047394167,0.4235055
gep_5_24_k_medoids_euclidean_conical_1000_0.0001,891,5,24,k_medoids,euclidean,conical,140.2147443790478,OPTIMAL,5.314974304139248e7,OPTIMAL,1.5985282363090986e8,0.0,0.0,0.007708084,0.60196575,2.235158709,0.573294875,1.360580208,0.4235055
gep_5_24_hull_euclidean_conical_1000_0.0001,891,5,24,hull,euclidean,conical,127.12535153190645,OPTIMAL,6.922484244260426e7,OPTIMAL,6.643101451200378e7,0.0,0.0,0.007678,3.061009416,0.045079208,0.594221833,1.208806291,0.4235055
gep_10_24_k_means_euclidean_dirac_1000_0.0001,891,10,24,k_means,euclidean,dirac,113.76643529763633,OPTIMAL,5.173350550777636e7,OPTIMAL,1.3117838763791856e8,0.0,0.0,0.007801,0.667909709,1.292e-6,0.683543084,2.136624167,0.4235055
gep_10_24_k_medoids_euclidean_dirac_1000_0.0001,891,10,24,k_medoids,euclidean,dirac,141.96924207749518,OPTIMAL,5.417770562724446e7,OPTIMAL,1.4654444576639667e8,0.0,0.0,0.007904041,0.216630583,1.125e-6,1.368872834,2.279839917,0.4235055
gep_10_24_hull_euclidean_dirac_1000_0.0001,891,10,24,hull,euclidean,dirac,163.04728312214434,OPTIMAL,7.387734504087318e7,OPTIMAL,6.821735691224927e7,0.0,0.0,0.007915917,1.692388041,1.25e-6,0.764283709,2.677065583,0.4235055
gep_10_24_k_means_euclidean_convex_1000_0.0001,891,10,24,k_means,euclidean,convex,109.75232499543577,OPTIMAL,5.1779415804799445e7,OPTIMAL,1.3242641798781073e8,0.0,0.0,0.007766542,0.901098834,4.317800125,0.725486166,2.5403105,0.4235055
gep_10_24_k_medoids_euclidean_convex_1000_0.0001,891,10,24,k_medoids,euclidean,convex,124.83461105055868,OPTIMAL,5.389544715356297e7,OPTIMAL,1.4453644358079192e8,0.0,0.0,0.007700208,0.197713875,5.560984708,0.753801583,2.879441959,0.4235055
gep_10_24_hull_euclidean_convex_1000_0.0001,891,10,24,hull,euclidean,convex,113.57617621396463,OPTIMAL,7.14280855775156e7,OPTIMAL,6.943606140373045e7,0.0,0.0,0.0078375,1.615402958,4.547320708,0.752288709,2.481223125,0.4235055
gep_10_24_k_means_euclidean_conical_bounded_1000_0.0001,891,10,24,k_means,euclidean,conical_bounded,108.60912224309152,OPTIMAL,5.1393325141678825e7,OPTIMAL,1.3236147952123597e8,0.0,0.0,0.007735625,0.208538834,5.174328084,0.738580708,2.526455875,0.4235055
gep_10_24_k_medoids_euclidean_conical_bounded_1000_0.0001,891,10,24,k_medoids,euclidean,conical_bounded,123.7398169440952,OPTIMAL,5.354730870643793e7,OPTIMAL,1.4412059705827805e8,0.0,0.0,0.007827083,0.204474834,5.617915,0.763157625,2.577570834,0.4235055
gep_10_24_hull_euclidean_conical_bounded_1000_0.0001,891,10,24,hull,euclidean,conical_bounded,111.32824247619048,OPTIMAL,5.9899631667015284e7,OPTIMAL,6.949330907763323e7,0.0,0.0,0.007692584,1.443535208,4.943403625,0.806853042,2.720879291,0.4235055
gep_10_24_k_means_euclidean_conical_1000_0.0001,891,10,24,k_means,euclidean,conical,109.69942084589393,OPTIMAL,5.243292511757882e7,OPTIMAL,1.3512928567741883e8,0.0,0.0,0.007860958,0.217715667,3.384709792,0.724748458,2.460501834,0.4235055
gep_10_24_k_medoids_euclidean_conical_1000_0.0001,891,10,24,k_medoids,euclidean,conical,130.66591524447594,OPTIMAL,5.458808740947372e7,OPTIMAL,1.4706686501063505e8,0.0,0.0,0.007742292,0.205129375,3.708703333,0.72491275,2.353398208,0.4235055
gep_10_24_hull_euclidean_conical_1000_0.0001,891,10,24,hull,euclidean,conical,119.98594153400867,OPTIMAL,6.635815336449362e7,OPTIMAL,6.6288951366017215e7,0.0,0.0,0.007797166,3.85809825,4.057140334,0.74552075,2.780344292,0.4235055
gep_20_24_k_means_euclidean_dirac_1000_0.0001,891,20,24,k_means,euclidean,dirac,108.50886004776791,OPTIMAL,5.259740566347875e7,OPTIMAL,1.0324601840301523e8,0.0,0.0,0.007748125,0.210253958,7.08e-7,1.406646666,6.617270875,0.4235055
gep_20_24_k_medoids_euclidean_dirac_1000_0.0001,891,20,24,k_medoids,euclidean,dirac,136.47321724682828,OPTIMAL,5.481039304988265e7,OPTIMAL,1.260304932695861e8,0.0,0.0,0.007802666,0.196941,1.083e-6,1.774456208,9.078623542,0.4235055
gep_20_24_hull_euclidean_dirac_1000_0.0001,891,20,24,hull,euclidean,dirac,149.11955677327688,OPTIMAL,6.440762436222026e7,OPTIMAL,6.273990461685777e7,0.0,0.0,0.007765958,2.106856291,8.75e-7,1.104287708,8.222802375,0.4235055
gep_20_24_k_means_euclidean_convex_1000_0.0001,891,20,24,k_means,euclidean,convex,103.01174415568444,OPTIMAL,5.2598162392992124e7,OPTIMAL,1.034777663777938e8,0.0,0.0,0.007724833,0.207159917,7.85412175,1.136404708,19.686483083,0.4235055
gep_20_24_k_medoids_euclidean_convex_1000_0.0001,891,20,24,k_medoids,euclidean,convex,115.76925610546772,OPTIMAL,5.4458668966365695e7,OPTIMAL,1.2614853908553134e8,0.0,0.0,0.007707667,0.205621375,7.541288,1.26323125,24.530647458,0.4235055
gep_20_24_hull_euclidean_convex_1000_0.0001,891,20,24,hull,euclidean,convex,102.64688589446578,OPTIMAL,6.788046094573459e7,OPTIMAL,6.2979372148402475e7,0.0,0.0,0.00771175,2.110627709,6.741954125,1.179750667,17.619282125,0.4235055
gep_20_24_k_means_euclidean_conical_bounded_1000_0.0001,891,20,24,k_means,euclidean,conical_bounded,102.10534847670681,OPTIMAL,5.2293994423744105e7,OPTIMAL,1.0376926400621997e8,0.0,0.0,0.0077675,0.221232625,8.004285708,1.131275,18.630346958,0.4235055
gep_20_24_k_medoids_euclidean_conical_bounded_1000_0.0001,891,20,24,k_medoids,euclidean,conical_bounded,114.13896337427556,OPTIMAL,5.400972232446861e7,OPTIMAL,1.2534763298289263e8,0.0,0.0,0.007843958,0.217688375,7.846446584,1.184788833,26.328558791,0.4235055
gep_20_24_hull_euclidean_conical_bounded_1000_0.0001,891,20,24,hull,euclidean,conical_bounded,101.03931950625943,OPTIMAL,6.019808611194131e7,OPTIMAL,6.699774114250588e7,0.0,0.0,0.007783958,2.458776459,7.181322458,1.178390542,10.656477125,0.4235055
gep_20_24_k_means_euclidean_conical_1000_0.0001,891,20,24,k_means,euclidean,conical,103.30201841360567,OPTIMAL,5.3180816954068124e7,OPTIMAL,1.039324381536777e8,0.0,0.0,0.007878709,0.219934084,5.309887667,1.126549834,11.3644125,0.4235055
gep_20_24_k_medoids_euclidean_conical_1000_0.0001,891,20,24,k_medoids,euclidean,conical,123.05539465498038,OPTIMAL,5.517131547148531e7,OPTIMAL,1.2741580005551094e8,0.0,0.0,0.00769675,0.222037,4.677578,1.167424792,13.509632708,0.4235055
gep_20_24_hull_euclidean_conical_1000_0.0001,891,20,24,hull,euclidean,conical,107.08888290670377,OPTIMAL,6.727871854459745e7,OPTIMAL,6.617778015789292e7,0.0,0.0,0.007742667,4.13954775,5.816631875,1.220356708,20.022110292,0.4235055
gep_40_24_k_means_euclidean_dirac_1000_0.0001,891,40,24,k_means,euclidean,dirac,101.81145536981693,OPTIMAL,5.305180411470511e7,OPTIMAL,9.665703877454913e7,0.0,0.0,0.007823,0.21563075,1.083e-6,2.303931333,23.783885791,0.4235055
gep_40_24_k_medoids_euclidean_dirac_1000_0.0001,891,40,24,k_medoids,euclidean,dirac,128.42133287812567,OPTIMAL,5.7224862678853594e7,OPTIMAL,9.717089592277452e7,0.0,0.0,0.007772083,0.6309475,1.25e-6,2.051047,27.003340042,0.4235055
gep_40_24_hull_euclidean_dirac_1000_0.0001,891,40,24,hull,euclidean,dirac,137.53099530359475,OPTIMAL,6.166088591425453e7,OPTIMAL,6.2673645349849075e7,0.0,0.0,0.007846791,2.5510095,7.5e-7,1.881266458,17.6222135,0.4235055
gep_40_24_k_means_euclidean_convex_1000_0.0001,891,40,24,k_means,euclidean,convex,95.58773764180341,OPTIMAL,5.309505636341162e7,OPTIMAL,9.624771056308669e7,0.0,0.0,0.007883,0.217484375,12.875702,1.980060208,42.524094792,0.4235055
gep_40_24_k_medoids_euclidean_convex_1000_0.0001,891,40,24,k_medoids,euclidean,convex,101.90766852590698,OPTIMAL,5.7609862611712635e7,OPTIMAL,9.763686529920465e7,0.0,0.0,0.007730792,0.218477041,12.014415375,1.973748417,38.010080666,0.4235055
gep_40_24_hull_euclidean_convex_1000_0.0001,891,40,24,hull,euclidean,convex,92.14706243314228,OPTIMAL,6.457814480088775e7,OPTIMAL,6.247882596411914e7,0.0,0.0,0.007780666,2.980765625,11.299082459,2.043655042,40.292749375,0.4235055
gep_40_24_k_means_euclidean_conical_bounded_1000_0.0001,891,40,24,k_means,euclidean,conical_bounded,95.10214774807099,OPTIMAL,5.2835934288033016e7,OPTIMAL,9.579309831062692e7,0.0,0.0,0.007818417,0.632812959,12.952685042,2.833977958,36.193996708,0.4235055
gep_40_24_k_medoids_euclidean_conical_bounded_1000_0.0001,891,40,24,k_medoids,euclidean,conical_bounded,100.89569287228296,OPTIMAL,5.679379310439874e7,OPTIMAL,9.909462820997605e7,0.0,0.0,0.007804208,0.926679958,11.335565375,2.004151041,42.061028709,0.4235055
gep_40_24_hull_euclidean_conical_bounded_1000_0.0001,891,40,24,hull,euclidean,conical_bounded,90.32187715430886,OPTIMAL,6.4817469349927075e7,OPTIMAL,6.261791605933832e7,0.0,0.0,0.007769666,3.440902916,11.344068833,2.059780917,37.810982584,0.4235055
gep_40_24_k_means_euclidean_conical_1000_0.0001,891,40,24,k_means,euclidean,conical,97.11861390267696,OPTIMAL,5.343070966374049e7,OPTIMAL,9.618430402482902e7,0.0,0.0,0.007688667,0.233639666,7.816542375,2.013920041,39.650064458,0.4235055
gep_40_24_k_medoids_euclidean_conical_1000_0.0001,891,40,24,k_medoids,euclidean,conical,109.04561249498651,OPTIMAL,5.793238341392808e7,OPTIMAL,9.81776632708679e7,0.0,0.0,0.007765875,0.623951291,8.597169292,1.967425125,40.933703459,0.4235055
gep_40_24_hull_euclidean_conical_1000_0.0001,891,40,24,hull,euclidean,conical,96.45815187951132,OPTIMAL,6.569264112526565e7,OPTIMAL,6.2637218641399726e7,0.0,0.0,0.007746333,5.981973333,9.4275215,2.075653375,36.972369208,0.4235055
gep_80_24_k_means_euclidean_dirac_1000_0.0001,891,80,24,k_means,euclidean,dirac,93.68100603159563,OPTIMAL,5.406814567684231e7,OPTIMAL,7.815304723943137e7,0.0,0.0,0.007749542,0.22587625,9.16e-7,3.849839375,69.092823792,0.4235055
gep_80_24_k_medoids_euclidean_dirac_1000_0.0001,891,80,24,k_medoids,euclidean,dirac,117.68921495237575,OPTIMAL,6.096659615870038e7,OPTIMAL,6.597175638762736e7,0.0,0.0,0.007800917,0.6072565,1.25e-6,4.592668584,48.746765334,0.4235055
gep_80_24_hull_euclidean_dirac_1000_0.0001,891,80,24,hull,euclidean,dirac,119.26227427209925,OPTIMAL,6.2487723378840365e7,OPTIMAL,6.238743738936756e7,0.0,0.0,0.007799292,4.974683375,9.17e-7,3.772450625,66.497653542,0.4235055
gep_80_24_k_means_euclidean_convex_1000_0.0001,891,80,24,k_means,euclidean,convex,86.60046972919189,OPTIMAL,5.389430693123945e7,OPTIMAL,7.797599412300111e7,0.0,0.0,0.007815084,0.218825417,22.668665625,4.741743208,187.035201584,0.4235055
gep_80_24_k_medoids_euclidean_convex_1000_0.0001,891,80,24,k_medoids,euclidean,convex,93.74799894075316,OPTIMAL,5.997835393542668e7,OPTIMAL,6.607733162304233e7,0.0,0.0,0.007808375,0.461046333,18.21014775,4.708109,231.500401208,0.4235055
gep_80_24_hull_euclidean_convex_1000_0.0001,891,80,24,hull,euclidean,convex,78.0646361575528,OPTIMAL,6.384897304399819e7,OPTIMAL,6.22571923073665e7,0.0,0.0,0.007699625,5.049844958,17.954003625,3.919746708,157.128706791,0.4235055
gep_80_24_k_means_euclidean_conical_bounded_1000_0.0001,891,80,24,k_means,euclidean,conical_bounded,86.2443625015746,OPTIMAL,5.3665033377371565e7,OPTIMAL,7.843201539226194e7,0.0,0.0,0.008804167,0.486924708,24.373652334,4.306211625,179.243643208,0.4235055
gep_80_24_k_medoids_euclidean_conical_bounded_1000_0.0001,891,80,24,k_medoids,euclidean,conical_bounded,93.2715187073333,OPTIMAL,5.95928277145319e7,OPTIMAL,6.601662344943666e7,0.0,0.0,0.008412292,0.213165625,19.76950275,4.184472041,248.011491291,0.4235055
gep_80_24_hull_euclidean_conical_bounded_1000_0.0001,891,80,24,hull,euclidean,conical_bounded,77.37675934470052,OPTIMAL,6.370342761180399e7,OPTIMAL,6.243312839668772e7,0.0,0.0,0.009406084,6.12282825,18.865820417,4.313220208,209.949857917,0.4235055
gep_80_24_k_means_euclidean_conical_1000_0.0001,891,80,24,k_means,euclidean,conical,91.50768097192284,OPTIMAL,5.411101654868725e7,OPTIMAL,7.828696731910491e7,0.0,0.0,0.007822042,0.206218834,6.606882917,4.592992542,235.253104583,0.4235055
gep_80_24_k_medoids_euclidean_conical_1000_0.0001,891,80,24,k_medoids,euclidean,conical,106.3519972957914,OPTIMAL,6.0912943724208474e7,OPTIMAL,6.581347812922506e7,0.0,0.0,0.007784125,0.405617,9.1252205,3.91911675,247.756473875,0.4235055
gep_80_24_hull_euclidean_conical_1000_0.0001,891,80,24,hull,euclidean,conical,106.56921104566369,OPTIMAL,6.338717001953394e7,OPTIMAL,6.226428722109923e7,0.0,0.0,0.007759666,9.182465291,6.605197875,3.929322708,203.650311542,0.4235055
gep_1_8760_k_means_euclidean_dirac_1000_0.0001,191,1,8760,k_means,euclidean,dirac,0.0,OPTIMAL,6.1837278445682004e7,N/A,,0.0,0.0,0.007656541,0.515725667,1.041e-6,17.531307666,173.9850045,0.411386125
gep_5_24_k_means_euclidean_dirac_1000_0.0001,191,5,24,k_means,euclidean,dirac,119.15885343607431,OPTIMAL,5.1130120074035995e7,OPTIMAL,1.8132347472774518e8,0.0,0.0,0.00773625,0.207773333,7.5e-7,0.527699834,1.051353208,0.411386125
gep_5_24_k_medoids_euclidean_dirac_1000_0.0001,191,5,24,k_medoids,euclidean,dirac,147.71448108835776,OPTIMAL,5.287549701689109e7,OPTIMAL,1.5994003124883038e8,0.0,0.0,0.007678333,0.894879542,1.292e-6,0.513259417,1.089515375,0.411386125
gep_5_24_hull_euclidean_dirac_1000_0.0001,191,5,24,hull,euclidean,dirac,173.4717128208796,OPTIMAL,6.2857240149566785e7,OPTIMAL,1.2353053467369208e8,0.0,0.0,0.007733666,1.176043042,9.59e-7,0.558106458,0.731271875,0.411386125
gep_5_24_k_means_euclidean_convex_1000_0.0001,191,5,24,k_means,euclidean,convex,115.27102805737931,OPTIMAL,5.103980846175238e7,OPTIMAL,1.766771521762383e8,0.0,0.0,0.007913667,0.212821042,3.445003041,0.537588542,1.1515355,0.411386125
gep_5_24_k_medoids_euclidean_convex_1000_0.0001,191,5,24,k_medoids,euclidean,convex,133.43397128901418,OPTIMAL,5.288264368967347e7,OPTIMAL,1.564668136490997e8,0.0,0.0,0.007896292,0.214216041,3.889230417,0.5749945,1.466410542,0.411386125
gep_5_24_hull_euclidean_convex_1000_0.0001,191,5,24,hull,euclidean,convex,129.41207299677853,OPTIMAL,6.170421914749668e7,OPTIMAL,1.3263363744329967e8,0.0,0.0,0.007719459,1.154935167,3.051696041,0.561656667,1.298758166,0.411386125
gep_5_24_k_means_euclidean_conical_bounded_1000_0.0001,191,5,24,k_means,euclidean,conical_bounded,114.01934515176552,OPTIMAL,5.065374321743211e7,OPTIMAL,1.7313373089376804e8,0.0,0.0,0.0076925,0.65255,3.621581375,0.533542583,1.101256,0.411386125
gep_5_24_k_medoids_euclidean_conical_bounded_1000_0.0001,191,5,24,k_medoids,euclidean,conical_bounded,130.45762468057166,OPTIMAL,5.21872833099272e7,OPTIMAL,1.5506196794688836e8,0.0,0.0,0.00761325,0.216268625,4.286394,0.574979333,1.453280333,0.411386125
gep_5_24_hull_euclidean_conical_bounded_1000_0.0001,191,5,24,hull,euclidean,conical_bounded,120.63951748592591,OPTIMAL,6.0063438614278354e7,OPTIMAL,7.264181791575289e7,0.0,0.0,0.007730958,1.254720333,3.544406792,0.556768917,1.4687585,0.411386125
gep_5_24_k_means_euclidean_conical_1000_0.0001,191,5,24,k_means,euclidean,conical,115.04865492430278,OPTIMAL,5.177220503903552e7,OPTIMAL,1.833663783139645e8,0.0,0.0,0.00769575,0.214164625,2.533504583,0.546475167,1.077490166,0.411386125
gep_5_24_k_medoids_euclidean_conical_1000_0.0001,191,5,24,k_medoids,euclidean,conical,140.2147443790478,OPTIMAL,5.314974304139248e7,OPTIMAL,1.5985282363090986e8,0.0,0.0,0.007720625,0.211348584,2.193033333,0.5344465,1.384158042,0.411386125
gep_5_24_hull_euclidean_conical_1000_0.0001,191,5,24,hull,euclidean,conical,127.12535153190645,OPTIMAL,6.922484244260426e7,OPTIMAL,6.643101451200378e7,0.0,0.0,0.007809792,3.110891833,0.044362125,0.5623705,1.065565125,0.411386125
gep_10_24_k_means_euclidean_dirac_1000_0.0001,191,10,24,k_means,euclidean,dirac,113.76643529763633,OPTIMAL,5.173350550777636e7,OPTIMAL,1.3117838763791856e8,0.0,0.0,0.007701417,0.223950041,9.17e-7,0.988195625,2.054877167,0.411386125
gep_10_24_k_medoids_euclidean_dirac_1000_0.0001,191,10,24,k_medoids,euclidean,dirac,141.96924207749518,OPTIMAL,5.417770562724446e7,OPTIMAL,1.4654444576639667e8,0.0,0.0,0.0078615,0.22143825,9.58e-7,1.37699625,2.199600291,0.411386125
gep_10_24_hull_euclidean_dirac_1000_0.0001,191,10,24,hull,euclidean,dirac,163.04728312214434,OPTIMAL,7.387734504087318e7,OPTIMAL,6.821735691224927e7,0.0,0.0,0.007724667,0.882861375,1.292e-6,0.694615625,2.543941084,0.411386125
gep_10_24_k_means_euclidean_convex_1000_0.0001,191,10,24,k_means,euclidean,convex,109.75232499543577,OPTIMAL,5.1779415804799445e7,OPTIMAL,1.3242641798781073e8,0.0,0.0,0.007747042,0.217662125,5.019815208,0.717251375,2.4994175,0.411386125
gep_10_24_k_medoids_euclidean_convex_1000_0.0001,191,10,24,k_medoids,euclidean,convex,124.83461105055868,OPTIMAL,5.389544715356297e7,OPTIMAL,1.4453644358079192e8,0.0,0.0,0.00790325,0.210484584,5.268960417,0.750736958,2.845332375,0.411386125
gep_10_24_hull_euclidean_convex_1000_0.0001,191,10,24,hull,euclidean,convex,113.57617621396463,OPTIMAL,7.14280855775156e7,OPTIMAL,6.943606140373045e7,0.0,0.0,0.007784375,1.33876375,4.532787708,0.791426208,2.342609959,0.411386125
gep_10_24_k_means_euclidean_conical_bounded_1000_0.0001,191,10,24,k_means,euclidean,conical_bounded,108.60912224309152,OPTIMAL,5.1393325141678825e7,OPTIMAL,1.3236147952123597e8,0.0,0.0,0.007717083,0.223317209,5.018729458,0.727065167,2.515266,0.411386125
gep_10_24_k_medoids_euclidean_conical_bounded_1000_0.0001,191,10,24,k_medoids,euclidean,conical_bounded,123.7398169440952,OPTIMAL,5.354730870643793e7,OPTIMAL,1.4412059705827805e8,0.0,0.0,0.007836042,0.20782675,5.87018,0.760114542,2.562199041,0.411386125
gep_10_24_hull_euclidean_conical_bounded_1000_0.0001,191,10,24,hull,euclidean,conical_bounded,111.32824247619048,OPTIMAL,5.9899631667015284e7,OPTIMAL,6.949330907763323e7,0.0,0.0,0.007727,1.469961208,4.944230875,0.752812083,2.6821095,0.411386125
gep_10_24_k_means_euclidean_conical_1000_0.0001,191,10,24,k_means,euclidean,conical,109.69942084589393,OPTIMAL,5.2432925117578916e7,OPTIMAL,1.3167632265920518e8,0.0,0.0,0.007688166,0.223105167,3.368048625,0.760962583,2.363009042,0.411386125
gep_10_24_k_medoids_euclidean_conical_1000_0.0001,191,10,24,k_medoids,euclidean,conical,130.66591524447594,OPTIMAL,5.4588087409473866e7,OPTIMAL,1.468564763512216e8,0.0,0.0,0.007579917,0.206487084,3.462876,0.73949875,2.457200375,0.411386125
gep_10_24_hull_euclidean_conical_1000_0.0001,191,10,24,hull,euclidean,conical,119.98594153400867,OPTIMAL,6.635815336449362e7,OPTIMAL,6.6288951366017215e7,0.0,0.0,0.007696542,3.504078584,4.077434083,0.751958541,2.687940542,0.411386125
gep_20_24_k_means_euclidean_dirac_1000_0.0001,191,20,24,k_means,euclidean,dirac,108.50886004776791,OPTIMAL,5.259740566347875e7,OPTIMAL,1.0324601840301523e8,0.0,0.0,0.007782375,0.217423,1.208e-6,1.742270791,6.809460875,0.411386125
gep_20_24_k_medoids_euclidean_dirac_1000_0.0001,191,20,24,k_medoids,euclidean,dirac,136.47321724682828,OPTIMAL,5.481039304988265e7,OPTIMAL,1.260304932695861e8,0.0,0.0,0.007842916,0.214501041,1.125e-6,1.897132,9.055127167,0.411386125
gep_20_24_hull_euclidean_dirac_1000_0.0001,191,20,24,hull,euclidean,dirac,149.11955677327688,OPTIMAL,6.440762436222026e7,OPTIMAL,6.273990461685777e7,0.0,0.0,0.007770541,2.078605084,9.58e-7,1.106347125,8.073934625,0.411386125
gep_20_24_k_means_euclidean_convex_1000_0.0001,191,20,24,k_means,euclidean,convex,103.01174415568444,OPTIMAL,5.2598162392992124e7,OPTIMAL,1.034777663777938e8,0.0,0.0,0.00783225,0.214973166,7.718283958,1.130584042,19.609491833,0.411386125
gep_20_24_k_medoids_euclidean_convex_1000_0.0001,191,20,24,k_medoids,euclidean,convex,115.76925610546772,OPTIMAL,5.4458668966365695e7,OPTIMAL,1.2614853908553134e8,0.0,0.0,0.00771625,0.211393709,7.932354375,1.154354167,24.958046792,0.411386125
gep_20_24_hull_euclidean_convex_1000_0.0001,191,20,24,hull,euclidean,convex,102.64688589446578,OPTIMAL,6.788046094573459e7,OPTIMAL,6.2979372148402475e7,0.0,0.0,0.007733791,2.346264125,6.823675417,1.23195425,17.15678425,0.411386125
gep_20_24_k_means_euclidean_conical_bounded_1000_0.0001,191,20,24,k_means,euclidean,conical_bounded,102.10534847670681,OPTIMAL,5.2293994423744105e7,OPTIMAL,1.0376926400621997e8,0.0,0.0,0.007816958,0.215989209,8.114341083,1.156349125,18.367457916,0.411386125
gep_20_24_k_medoids_euclidean_conical_bounded_1000_0.0001,191,20,24,k_medoids,euclidean,conical_bounded,114.13896337427556,OPTIMAL,5.400972232446861e7,OPTIMAL,1.2534763298289263e8,0.0,0.0,0.007711875,0.210412833,7.765800458,1.167822333,26.6486175,0.411386125
gep_20_24_hull_euclidean_conical_bounded_1000_0.0001,191,20,24,hull,euclidean,conical_bounded,101.03931950625943,OPTIMAL,6.019808611194108e7,OPTIMAL,6.722540572258587e7,0.0,0.0,0.007803167,2.498119625,7.283314084,1.207661875,10.586736166,0.411386125
gep_20_24_k_means_euclidean_conical_1000_0.0001,191,20,24,k_means,euclidean,conical,103.30201841360567,OPTIMAL,5.3180816954068124e7,OPTIMAL,1.039324381536777e8,0.0,0.0,0.007866125,0.197324083,4.585164792,1.168591583,11.540750417,0.411386125
gep_20_24_k_medoids_euclidean_conical_1000_0.0001,191,20,24,k_medoids,euclidean,conical,123.05539465498038,OPTIMAL,5.517131547148531e7,OPTIMAL,1.2741580005551094e8,0.0,0.0,0.00779125,0.229297709,4.686080667,1.145477792,13.749240959,0.411386125
gep_20_24_hull_euclidean_conical_1000_0.0001,191,20,24,hull,euclidean,conical,107.08888290670377,OPTIMAL,6.727871854459745e7,OPTIMAL,6.617778015789292e7,0.0,0.0,0.007848041,4.171489167,5.828893375,1.232225625,19.819162333,0.411386125
gep_40_24_k_means_euclidean_dirac_1000_0.0001,191,40,24,k_means,euclidean,dirac,101.81145536981693,OPTIMAL,5.305180411470511e7,OPTIMAL,9.665703877454913e7,0.0,0.0,0.007920083,0.2262945,1.25e-6,2.371284,23.325336167,0.411386125
gep_40_24_k_medoids_euclidean_dirac_1000_0.0001,191,40,24,k_medoids,euclidean,dirac,128.42133287812567,OPTIMAL,5.7224862678853594e7,OPTIMAL,9.717089592277452e7,0.0,0.0,0.007807375,0.213056708,1.083e-6,2.083452875,27.059429584,0.411386125
gep_40_24_hull_euclidean_dirac_1000_0.0001,191,40,24,hull,euclidean,dirac,137.53099530359475,OPTIMAL,6.166088591425453e7,OPTIMAL,6.2673645349849075e7,0.0,0.0,0.007737333,2.575815791,1.084e-6,1.894217458,17.464753375,0.411386125
gep_40_24_k_means_euclidean_convex_1000_0.0001,191,40,24,k_means,euclidean,convex,95.58773764180341,OPTIMAL,5.309505636341162e7,OPTIMAL,9.624771056308669e7,0.0,0.0,0.007882792,0.223810792,13.046818917,1.958302125,42.357081125,0.411386125
gep_40_24_k_medoids_euclidean_convex_1000_0.0001,191,40,24,k_medoids,euclidean,convex,101.90766852590698,OPTIMAL,5.7609862611712635e7,OPTIMAL,9.763686529920465e7,0.0,0.0,0.007811917,0.232277291,12.352543875,2.116415958,37.271980083,0.411386125
gep_40_24_hull_euclidean_convex_1000_0.0001,191,40,24,hull,euclidean,convex,92.14706243314228,OPTIMAL,6.457814480088775e7,OPTIMAL,6.247882596411914e7,0.0,0.0,0.007853875,3.037359208,11.110182167,2.0693345,39.519883291,0.411386125
gep_40_24_k_means_euclidean_conical_bounded_1000_0.0001,191,40,24,k_means,euclidean,conical_bounded,95.10214774807099,OPTIMAL,5.2835934288033016e7,OPTIMAL,9.579309831062692e7,0.0,0.0,0.007808,0.225992917,12.966817959,2.071456208,36.5091355,0.411386125
gep_40_24_k_medoids_euclidean_conical_bounded_1000_0.0001,191,40,24,k_medoids,euclidean,conical_bounded,100.89569287228296,OPTIMAL,5.679379310439874e7,OPTIMAL,9.909462820997605e7,0.0,0.0,0.007803333,0.65176575,12.266865542,2.008757291,42.090659208,0.411386125
gep_40_24_hull_euclidean_conical_bounded_1000_0.0001,191,40,24,hull,euclidean,conical_bounded,90.32187715430886,OPTIMAL,6.4817469349927075e7,OPTIMAL,6.261791605933832e7,0.0,0.0,0.007857958,3.508731041,11.39878225,2.054727375,37.574245917,0.411386125
gep_40_24_k_means_euclidean_conical_1000_0.0001,191,40,24,k_means,euclidean,conical,97.11861390267696,OPTIMAL,5.343070966374049e7,OPTIMAL,9.618430402482902e7,0.0,0.0,0.007758333,0.222742875,8.66140825,1.947119834,39.262521542,0.411386125
gep_40_24_k_medoids_euclidean_conical_1000_0.0001,191,40,24,k_medoids,euclidean,conical,109.04561249498651,OPTIMAL,5.793238341392808e7,OPTIMAL,9.81776632708679e7,0.0,0.0,0.007962042,0.211345917,8.711430208,2.061069917,42.077158875,0.411386125
gep_40_24_hull_euclidean_conical_1000_0.0001,191,40,24,hull,euclidean,conical,96.45815187951132,OPTIMAL,6.569264112526565e7,OPTIMAL,6.2637218641399726e7,0.0,0.0,0.007788333,5.717665958,9.574887208,2.021356167,36.428436625,0.411386125
gep_80_24_k_means_euclidean_dirac_1000_0.0001,191,80,24,k_means,euclidean,dirac,93.68100603159563,OPTIMAL,5.406814567684231e7,OPTIMAL,7.815304723943137e7,0.0,0.0,0.007896125,0.219092667,8.33e-7,4.9180845,69.740444459,0.411386125
gep_80_24_k_medoids_euclidean_dirac_1000_0.0001,191,80,24,k_medoids,euclidean,dirac,117.68921495237575,OPTIMAL,6.096659615870038e7,OPTIMAL,6.597175638762736e7,0.0,0.0,0.007806334,0.999401166,9.17e-7,3.911767625,47.882874041,0.411386125
gep_80_24_hull_euclidean_dirac_1000_0.0001,191,80,24,hull,euclidean,dirac,119.26227427209925,OPTIMAL,6.2487723378840365e7,OPTIMAL,6.238743738936756e7,0.0,0.0,0.007777166,5.021097042,1.292e-6,3.83435125,64.49167025,0.411386125
gep_80_24_k_means_euclidean_convex_1000_0.0001,191,80,24,k_means,euclidean,convex,86.60046972919189,OPTIMAL,5.389430693123945e7,OPTIMAL,7.797599412300111e7,0.0,0.0,0.007845042,0.472446916,22.836249542,3.892248833,187.675019417,0.411386125
gep_80_24_k_medoids_euclidean_convex_1000_0.0001,191,80,24,k_medoids,euclidean,convex,93.74799894075316,OPTIMAL,5.997835393542631e7,OPTIMAL,6.612374571618664e7,0.0,0.0,0.007779667,0.537859916,18.810722417,3.902192125,234.856161709,0.411386125
gep_80_24_hull_euclidean_convex_1000_0.0001,191,80,24,hull,euclidean,convex,78.0646361575528,OPTIMAL,6.384897304399819e7,OPTIMAL,6.22571923073665e7,0.0,0.0,0.007806125,4.929002917,17.849750208,3.948205917,148.583306333,0.411386125
gep_80_24_k_means_euclidean_conical_bounded_1000_0.0001,191,80,24,k_means,euclidean,conical_bounded,86.2443625015746,OPTIMAL,5.3665033377371565e7,OPTIMAL,7.843201539226194e7,0.0,0.0,0.008266542,0.210215375,23.399871917,4.120901916,182.521313834,0.411386125
gep_80_24_k_medoids_euclidean_conical_bounded_1000_0.0001,191,80,24,k_medoids,euclidean,conical_bounded,93.2715187073333,OPTIMAL,5.95928277145319e7,OPTIMAL,6.601662344943666e7,0.0,0.0,0.007711958,0.20698525,18.802734333,4.100643666,240.929653708,0.411386125
gep_80_24_hull_euclidean_conical_bounded_1000_0.0001,191,80,24,hull,euclidean,conical_bounded,77.37675934470052,OPTIMAL,6.370342761180399e7,OPTIMAL,6.243312839668772e7,0.0,0.0,0.00784525,5.741280875,18.251893792,3.958890917,209.060248625,0.411386125
gep_80_24_k_means_euclidean_conical_1000_0.0001,191,80,24,k_means,euclidean,conical,91.50768097192284,OPTIMAL,5.4111016548687644e7,OPTIMAL,7.839370238995065e7,0.0,0.0,0.00768975,0.223485666,6.762255917,4.580139791,235.913629291,0.411386125
gep_80_24_k_medoids_euclidean_conical_1000_0.0001,191,80,24,k_medoids,euclidean,conical,106.3519972957914,OPTIMAL,6.0912943724208474e7,OPTIMAL,6.581347812922506e7,0.0,0.0,0.007743,0.209834917,8.351650541,4.646215084,244.29716625,0.411386125
gep_80_24_hull_euclidean_conical_1000_0.0001,191,80,24,hull,euclidean,conical,106.56921104566369,OPTIMAL,6.338717001952739e7,OPTIMAL,6.226668003798109e7,0.0,0.0,0.007967625,8.892715166,6.6707565,3.899096042,209.993710042,0.411386125
gep_1_8760_k_means_euclidean_dirac_1000_0.0001,526,1,8760,k_means,euclidean,dirac,0.0,OPTIMAL,6.1837278445682004e7,N/A,,0.0,0.0,0.007383,0.47789425,1.166e-6,17.164995334,172.277243792,0.418795625
gep_5_24_k_means_euclidean_dirac_1000_0.0001,526,5,24,k_means,euclidean,dirac,119.15885343607431,OPTIMAL,5.1130120074035995e7,OPTIMAL,1.8132347472774518e8,0.0,0.0,0.007821458,1.006267583,9.17e-7,0.5797625,0.7560895,0.418795625
gep_5_24_k_medoids_euclidean_dirac_1000_0.0001,526,5,24,k_medoids,euclidean,dirac,147.71448108835776,OPTIMAL,5.287549701689109e7,OPTIMAL,1.5994003124883038e8,0.0,0.0,0.007795,0.207947958,1.25e-6,1.157519375,1.109762666,0.418795625
gep_5_24_hull_euclidean_dirac_1000_0.0001,526,5,24,hull,euclidean,dirac,173.4717128208796,OPTIMAL,6.2857240149566785e7,OPTIMAL,1.2353053467369208e8,0.0,0.0,0.00786175,1.142565959,1.0e-6,0.548893083,0.841397875,0.418795625
gep_5_24_k_means_euclidean_convex_1000_0.0001,526,5,24,k_means,euclidean,convex,115.27102805737931,OPTIMAL,5.103980846175238e7,OPTIMAL,1.766771521762383e8,0.0,0.0,0.00779925,0.968059417,2.854503125,0.5641085,1.421514,0.418795625
gep_5_24_k_medoids_euclidean_convex_1000_0.0001,526,5,24,k_medoids,euclidean,convex,133.43397128901418,OPTIMAL,5.288264368967347e7,OPTIMAL,1.5646681364912102e8,0.0,0.0,0.007833667,0.200491625,4.016369167,0.568844292,1.443249916,0.418795625
gep_5_24_hull_euclidean_convex_1000_0.0001,526,5,24,hull,euclidean,convex,129.41207299677853,OPTIMAL,6.170421914749668e7,OPTIMAL,1.3263363744329967e8,0.0,0.0,0.00789275,1.156560666,3.027572875,0.5447935,1.45587475,0.418795625
gep_5_24_k_means_euclidean_conical_bounded_1000_0.0001,526,5,24,k_means,euclidean,conical_bounded,114.01934515176552,OPTIMAL,5.065374321743211e7,OPTIMAL,1.7313373089376804e8,0.0,0.0,0.007849792,0.212677625,4.049573417,0.553378,1.191431667,0.418795625
gep_5_24_k_medoids_euclidean_conical_bounded_1000_0.0001,526,5,24,k_medoids,euclidean,conical_bounded,130.45762468057166,OPTIMAL,5.21872833099272e7,OPTIMAL,1.5506196794688836e8,0.0,0.0,0.007887833,0.209085125,4.138559209,0.569252125,1.412116292,0.418795625
gep_5_24_hull_euclidean_conical_bounded_1000_0.0001,526,5,24,hull,euclidean,conical_bounded,120.63951748592591,OPTIMAL,6.0063438614278354e7,OPTIMAL,7.264181791575289e7,0.0,0.0,0.0079245,1.538835209,3.500767708,0.557701875,1.4572795,0.418795625
gep_5_24_k_means_euclidean_conical_1000_0.0001,526,5,24,k_means,euclidean,conical,115.04865492430278,OPTIMAL,5.177220503903552e7,OPTIMAL,1.833663783139645e8,0.0,0.0,0.007973958,0.209893708,2.42941225,0.523279291,1.079779708,0.418795625
gep_5_24_k_medoids_euclidean_conical_1000_0.0001,526,5,24,k_medoids,euclidean,conical,140.2147443790478,OPTIMAL,5.314974304139248e7,OPTIMAL,1.5985282363090986e8,0.0,0.0,0.00772725,0.204661417,2.262500625,0.539951209,1.385467167,0.418795625
gep_5_24_hull_euclidean_conical_1000_0.0001,526,5,24,hull,euclidean,conical,127.12535153190645,OPTIMAL,6.922484244260426e7,OPTIMAL,6.643101451200378e7,0.0,0.0,0.007886458,3.01215425,0.042482792,0.568072458,1.066041583,0.418795625
gep_10_24_k_means_euclidean_dirac_1000_0.0001,526,10,24,k_means,euclidean,dirac,113.76643529763633,OPTIMAL,5.173350550777636e7,OPTIMAL,1.3117838763791856e8,0.0,0.0,0.007575834,0.20840575,1.209e-6,1.408849667,2.0666305,0.418795625
gep_10_24_k_medoids_euclidean_dirac_1000_0.0001,526,10,24,k_medoids,euclidean,dirac,141.96924207749518,OPTIMAL,5.417770562724446e7,OPTIMAL,1.4654444576639667e8,0.0,0.0,0.007983167,0.200653125,1.125e-6,1.395650875,2.302735458,0.418795625
gep_10_24_hull_euclidean_dirac_1000_0.0001,526,10,24,hull,euclidean,dirac,163.04728312214434,OPTIMAL,7.387734504087318e7,OPTIMAL,6.821735691224927e7,0.0,0.0,0.007845792,1.299211375,1.25e-6,0.746988375,2.717144459,0.418795625
gep_10_24_k_means_euclidean_convex_1000_0.0001,526,10,24,k_means,euclidean,convex,109.75232499543577,OPTIMAL,5.1779415804799445e7,OPTIMAL,1.3242641798781073e8,0.0,0.0,0.007731958,0.210292375,4.913181125,0.726389208,2.491532,0.418795625
gep_10_24_k_medoids_euclidean_convex_1000_0.0001,526,10,24,k_medoids,euclidean,convex,124.83461105055868,OPTIMAL,5.389544715356297e7,OPTIMAL,1.4453644358079192e8,0.0,0.0,0.007768167,0.2048495,5.424531708,0.743062375,2.861909166,0.418795625
gep_10_24_hull_euclidean_convex_1000_0.0001,526,10,24,hull,euclidean,convex,113.57617621396463,OPTIMAL,7.14280855775156e7,OPTIMAL,6.943606140373045e7,0.0,0.0,0.007787292,1.286680959,4.576763125,0.762786375,2.417029208,0.418795625
gep_10_24_k_means_euclidean_conical_bounded_1000_0.0001,526,10,24,k_means,euclidean,conical_bounded,108.60912224309152,OPTIMAL,5.1393325141678825e7,OPTIMAL,1.3236147952123597e8,0.0,0.0,0.007837208,0.215106458,5.188308083,0.719361333,2.496591208,0.418795625
gep_10_24_k_medoids_euclidean_conical_bounded_1000_0.0001,526,10,24,k_medoids,euclidean,conical_bounded,123.7398169440952,OPTIMAL,5.354730870643793e7,OPTIMAL,1.4412059705827805e8,0.0,0.0,0.007701958,0.911721625,4.830912541,0.779654792,2.538655958,0.418795625
gep_10_24_hull_euclidean_conical_bounded_1000_0.0001,526,10,24,hull,euclidean,conical_bounded,111.32824247619048,OPTIMAL,5.9899631667015284e7,OPTIMAL,6.949330907763323e7,0.0,0.0,0.007749625,1.437725416,4.751494333,0.758047375,2.726128291,0.418795625
gep_10_24_k_means_euclidean_conical_1000_0.0001,526,10,24,k_means,euclidean,conical,109.69942084589393,OPTIMAL,5.243292511757882e7,OPTIMAL,1.3512928567741883e8,0.0,0.0,0.007939333,0.209016417,3.544102792,0.744548708,2.496187,0.418795625
gep_10_24_k_medoids_euclidean_conical_1000_0.0001,526,10,24,k_medoids,euclidean,conical,130.66591524447594,OPTIMAL,5.458808740947364e7,OPTIMAL,1.4706437725611565e8,0.0,0.0,0.007924917,0.201997084,3.413943084,0.739445334,2.515833833,0.418795625
gep_10_24_hull_euclidean_conical_1000_0.0001,526,10,24,hull,euclidean,conical,119.98594153400867,OPTIMAL,6.635815336449362e7,OPTIMAL,6.6288951366017215e7,0.0,0.0,0.007820834,3.659143041,4.04333175,0.810530625,2.785104208,0.418795625
gep_20_24_k_means_euclidean_dirac_1000_0.0001,526,20,24,k_means,euclidean,dirac,108.50886004776791,OPTIMAL,5.259740566347875e7,OPTIMAL,1.0324601840301523e8,0.0,0.0,0.007836916,0.219092833,9.58e-7,1.870471916,6.965423416,0.418795625
gep_20_24_k_medoids_euclidean_dirac_1000_0.0001,526,20,24,k_medoids,euclidean,dirac,136.47321724682828,OPTIMAL,5.481039304988265e7,OPTIMAL,1.260304932695861e8,0.0,0.0,0.007787625,0.230994209,1.334e-6,1.4148765,9.278235792,0.418795625
gep_20_24_hull_euclidean_dirac_1000_0.0001,526,20,24,hull,euclidean,dirac,149.11955677327688,OPTIMAL,6.440762436222026e7,OPTIMAL,6.273990461685777e7,0.0,0.0,0.00783975,2.039108375,1.167e-6,1.111711167,8.356080958,0.418795625
gep_20_24_k_means_euclidean_convex_1000_0.0001,526,20,24,k_means,euclidean,convex,103.01174415568444,OPTIMAL,5.2598162392992124e7,OPTIMAL,1.034777663777938e8,0.0,0.0,0.007912292,0.951264917,7.144544417,1.167050833,20.258913625,0.418795625
gep_20_24_k_medoids_euclidean_convex_1000_0.0001,526,20,24,k_medoids,euclidean,convex,115.76925610546772,OPTIMAL,5.4458668966365695e7,OPTIMAL,1.2614853908553134e8,0.0,0.0,0.007818917,0.20286575,7.556890417,1.167510042,25.668559875,0.418795625
gep_20_24_hull_euclidean_convex_1000_0.0001,526,20,24,hull,euclidean,convex,102.64688589446578,OPTIMAL,6.788046094573459e7,OPTIMAL,6.2979372148402475e7,0.0,0.0,0.007819417,1.709542959,6.858752,1.227720292,18.175964833,0.418795625
gep_20_24_k_means_euclidean_conical_bounded_1000_0.0001,526,20,24,k_means,euclidean,conical_bounded,102.10534847670681,OPTIMAL,5.2293994423744105e7,OPTIMAL,1.0376926400621997e8,0.0,0.0,0.007772917,0.217775083,8.036576417,1.140709166,18.810764458,0.418795625
gep_20_24_k_medoids_euclidean_conical_bounded_1000_0.0001,526,20,24,k_medoids,euclidean,conical_bounded,114.13896337427556,OPTIMAL,5.400972232446861e7,OPTIMAL,1.2534763298289263e8,0.0,0.0,0.0078765,0.214673083,7.895628333,1.198538834,26.851078792,0.418795625
gep_20_24_hull_euclidean_conical_bounded_1000_0.0001,526,20,24,hull,euclidean,conical_bounded,101.03931950625943,OPTIMAL,6.019808611194116e7,OPTIMAL,6.723332730985881e7,0.0,0.0,0.007880083,2.464668541,7.098940458,1.229577958,10.821164166,0.418795625
gep_20_24_k_means_euclidean_conical_1000_0.0001,526,20,24,k_means,euclidean,conical,103.30201841360567,OPTIMAL,5.3180816954068124e7,OPTIMAL,1.039324381536777e8,0.0,0.0,0.00778125,0.208292542,4.9391755,1.109085834,12.068795167,0.418795625
gep_20_24_k_medoids_euclidean_conical_1000_0.0001,526,20,24,k_medoids,euclidean,conical,123.05539465498038,OPTIMAL,5.517131547148531e7,OPTIMAL,1.2741580005551094e8,0.0,0.0,0.007861083,0.582524458,4.959299875,1.168229041,13.730187875,0.418795625
gep_20_24_hull_euclidean_conical_1000_0.0001,526,20,24,hull,euclidean,conical,107.08888290670377,OPTIMAL,6.727871854459745e7,OPTIMAL,6.617778015789292e7,0.0,0.0,0.007861792,4.102474458,6.041448875,1.196557458,20.458683,0.418795625
gep_40_24_k_means_euclidean_dirac_1000_0.0001,526,40,24,k_means,euclidean,dirac,101.81145536981693,OPTIMAL,5.305180411470511e7,OPTIMAL,9.665703877454913e7,0.0,0.0,0.007903458,0.216893375,1.125e-6,2.40946525,23.547329166,0.418795625
gep_40_24_k_medoids_euclidean_dirac_1000_0.0001,526,40,24,k_medoids,euclidean,dirac,128.42133287812567,OPTIMAL,5.7224862678853594e7,OPTIMAL,9.717089592277452e7,0.0,0.0,0.007868458,0.619270166,1.209e-6,2.062082292,26.889445125,0.418795625
gep_40_24_hull_euclidean_dirac_1000_0.0001,526,40,24,hull,euclidean,dirac,137.53099530359475,OPTIMAL,6.166088591425453e7,OPTIMAL,6.2673645349849075e7,0.0,0.0,0.007850666,1.828756959,1.375e-6,2.014927875,17.741010083,0.418795625
gep_40_24_k_means_euclidean_convex_1000_0.0001,526,40,24,k_means,euclidean,convex,95.58773764180341,OPTIMAL,5.309505636341162e7,OPTIMAL,9.624771056308669e7,0.0,0.0,0.007910875,0.632062209,13.092337417,1.966769542,42.733971584,0.418795625
gep_40_24_k_medoids_euclidean_convex_1000_0.0001,526,40,24,k_medoids,euclidean,convex,101.90766852590698,OPTIMAL,5.7609862611712635e7,OPTIMAL,9.763686529920465e7,0.0,0.0,0.007905875,0.591198292,11.679960291,2.06916525,37.427611917,0.418795625
gep_40_24_hull_euclidean_convex_1000_0.0001,526,40,24,hull,euclidean,convex,92.14706243314228,OPTIMAL,6.457814480088775e7,OPTIMAL,6.247882596411914e7,0.0,0.0,0.007905042,3.059215875,11.081371208,2.058686041,40.348296333,0.418795625
gep_40_24_k_means_euclidean_conical_bounded_1000_0.0001,526,40,24,k_means,euclidean,conical_bounded,95.10214774807099,OPTIMAL,5.2835934288033016e7,OPTIMAL,9.579309831062692e7,0.0,0.0,0.007827125,0.220865,12.857870958,2.003516834,37.004273791,0.418795625
gep_40_24_k_medoids_euclidean_conical_bounded_1000_0.0001,526,40,24,k_medoids,euclidean,conical_bounded,100.89569287228296,OPTIMAL,5.679379310439874e7,OPTIMAL,9.909462820997605e7,0.0,0.0,0.007750375,0.212605083,12.409940166,1.986478125,41.608197084,0.418795625
gep_40_24_hull_euclidean_conical_bounded_1000_0.0001,526,40,24,hull,euclidean,conical_bounded,90.32187715430886,OPTIMAL,6.4817469349927075e7,OPTIMAL,6.261791605933832e7,0.0,0.0,0.007811209,3.489504084,11.412036708,2.058687875,37.242491333,0.418795625
gep_40_24_k_means_euclidean_conical_1000_0.0001,526,40,24,k_means,euclidean,conical,97.11861390267696,OPTIMAL,5.343070966374049e7,OPTIMAL,9.618430402482902e7,0.0,0.0,0.007910958,0.216256209,7.810014,2.816463041,40.271241083,0.418795625
gep_40_24_k_medoids_euclidean_conical_1000_0.0001,526,40,24,k_medoids,euclidean,conical,109.04561249498651,OPTIMAL,5.793238341392808e7,OPTIMAL,9.81776632708679e7,0.0,0.0,0.007780333,0.19196175,7.989605792,2.12439,39.861745208,0.418795625
gep_40_24_hull_euclidean_conical_1000_0.0001,526,40,24,hull,euclidean,conical,96.45815187951132,OPTIMAL,6.569264112526565e7,OPTIMAL,6.2637218641399726e7,0.0,0.0,0.007851916,5.433876708,9.840341958,2.05206275,36.564208083,0.418795625
gep_80_24_k_means_euclidean_dirac_1000_0.0001,526,80,24,k_means,euclidean,dirac,93.68100603159563,OPTIMAL,5.406814567684231e7,OPTIMAL,7.815304723943137e7,0.0,0.0,0.007854125,0.95961375,1.167e-6,3.861266375,69.087563541,0.418795625
gep_80_24_k_medoids_euclidean_dirac_1000_0.0001,526,80,24,k_medoids,euclidean,dirac,117.68921495237575,OPTIMAL,6.096659615870038e7,OPTIMAL,6.597175638762736e7,0.0,0.0,0.007887458,0.208558875,1.042e-6,4.081640958,49.597462167,0.418795625
gep_80_24_hull_euclidean_dirac_1000_0.0001,526,80,24,hull,euclidean,dirac,119.26227427209925,OPTIMAL,6.2487723378840365e7,OPTIMAL,6.238743738936756e7,0.0,0.0,0.00791675,5.1264755,8.75e-7,3.871845084,66.210348541,0.418795625
gep_80_24_k_means_euclidean_convex_1000_0.0001,526,80,24,k_means,euclidean,convex,86.60046972919189,OPTIMAL,5.389430693123945e7,OPTIMAL,7.797599412300111e7,0.0,0.0,0.007822417,0.223281834,22.395736125,3.945108458,193.50126075,0.418795625
gep_80_24_k_medoids_euclidean_convex_1000_0.0001,526,80,24,k_medoids,euclidean,convex,93.74799894075316,OPTIMAL,5.997835393542631e7,OPTIMAL,6.612374571618664e7,0.0,0.0,0.007906583,0.437235958,18.808637625,3.9476515,229.232915334,0.418795625
gep_80_24_hull_euclidean_convex_1000_0.0001,526,80,24,hull,euclidean,convex,78.0646361575528,OPTIMAL,6.384897304399819e7,OPTIMAL,6.22571923073665e7,0.0,0.0,0.007878166,4.994196875,17.771235291,4.001391334,149.794873542,0.418795625
gep_80_24_k_means_euclidean_conical_bounded_1000_0.0001,526,80,24,k_means,euclidean,conical_bounded,86.2443625015746,OPTIMAL,5.3665033377371565e7,OPTIMAL,7.843201539226194e7,0.0,0.0,0.007839792,0.522836583,22.987493375,3.813157167,174.681564916,0.418795625
gep_80_24_k_medoids_euclidean_conical_bounded_1000_0.0001,526,80,24,k_medoids,euclidean,conical_bounded,93.2715187073333,OPTIMAL,5.95928277145319e7,OPTIMAL,6.601662344943666e7,0.0,0.0,0.007892583,0.199379791,18.423307167,3.956803584,242.521916792,0.418795625
gep_80_24_hull_euclidean_conical_bounded_1000_0.0001,526,80,24,hull,euclidean,conical_bounded,77.37675934470052,OPTIMAL,6.370342761180399e7,OPTIMAL,6.243312839668772e7,0.0,0.0,0.008025417,5.683837292,18.077072458,3.938912459,210.23360075,0.418795625
gep_80_24_k_means_euclidean_conical_1000_0.0001,526,80,24,k_means,euclidean,conical,91.50768097192284,OPTIMAL,5.411101654868725e7,OPTIMAL,7.828696731910491e7,0.0,0.0,0.00802825,0.216425958,7.529478917,3.855449333,235.185548167,0.418795625
gep_80_24_k_medoids_euclidean_conical_1000_0.0001,526,80,24,k_medoids,euclidean,conical,106.3519972957914,OPTIMAL,6.0912943724208474e7,OPTIMAL,6.581347812922506e7,0.0,0.0,0.007855791,0.204356834,9.279941792,3.850185667,249.759523542,0.418795625
gep_80_24_hull_euclidean_conical_1000_0.0001,526,80,24,hull,euclidean,conical,106.56921104566369,OPTIMAL,6.338717001952897e7,OPTIMAL,6.226648617620553e7,0.0,0.0,0.007681458,8.987811875,6.6221805,3.780345334,207.784912958,0.418795625
