case_study,clustering_type,weight_type,n_rep_periods,capacity_l1_diff_pct
gep,k_means,dirac,10,76.52590708678832
gep,k_means,dirac,20,61.65053135728815
gep,k_means,dirac,40,43.23749981915336
gep,k_means,dirac,80,31.893369275193532
gep,k_means,convex,10,78.67652364344805
gep,k_means,convex,20,56.32006958525624
gep,k_means,convex,40,39.62125595922292
gep,k_means,convex,80,27.873269158379568
gep,k_means,conical_bounded,10,77.37146615043447
gep,k_means,conical_bounded,20,56.161482384724515
gep,k_means,conical_bounded,40,39.86864345597846
gep,k_means,conical_bounded,80,29.041385330028863
gep,k_means,conical,10,77.88837078519029
gep,k_means,conical,20,60.92330375597786
gep,k_means,conical,40,38.06737048755297
gep,k_means,conical,80,26.76819312167006
gep,k_medoids,dirac,10,67.42396696926554
gep,k_medoids,dirac,20,53.73368032155141
gep,k_medoids,dirac,40,34.84608023501919
gep,k_medoids,dirac,80,19.127466018347587
gep,k_medoids,convex,10,60.86247514566859
gep,k_medoids,convex,20,52.99451676795058
gep,k_medoids,convex,40,34.48193134503763
gep,k_medoids,convex,80,18.627410786934135
gep,k_medoids,conical_bounded,10,61.26775530550501
gep,k_medoids,conical_bounded,20,53.36926820779869
gep,k_medoids,conical_bounded,40,35.45109207091183
gep,k_medoids,conical_bounded,80,18.990732870252362
gep,k_medoids,conical,10,61.76096432235803
gep,k_medoids,conical,20,50.958650209877696
gep,k_medoids,conical,40,33.9761336385861
gep,k_medoids,conical,80,21.082205198635595
gep,hierarchical,dirac,10,60.03940852583513
gep,hierarchical,dirac,20,51.350287543682725
gep,hierarchical,dirac,40,28.492671155839442
gep,hierarchical,dirac,80,18.67636312445498
gep,hierarchical,convex,10,65.89331670303704
gep,hierarchical,convex,20,45.73370697872049
gep,hierarchical,convex,40,31.09861780127339
gep,hierarchical,convex,80,21.831629356177537
gep,hierarchical,conical_bounded,10,68.86831176394467
gep,hierarchical,conical_bounded,20,45.94641463329628
gep,hierarchical,conical_bounded,40,34.14232530134672
gep,hierarchical,conical_bounded,80,22.80415948566793
gep,hierarchical,conical,10,67.82839357547829
gep,hierarchical,conical,20,43.30607309230978
gep,hierarchical,conical,40,23.54572385922275
gep,hierarchical,conical,80,22.063509619587677
gep,chronological,dirac,10,73.16736670209647
gep,chronological,dirac,20,56.30622412210031
gep,chronological,dirac,40,35.04685988040881
gep,chronological,dirac,80,15.278080354966828
gep,chronological,convex,10,67.14549611685247
gep,chronological,convex,20,50.57843216141559
gep,chronological,convex,40,43.7912360465135
gep,chronological,convex,80,15.748852550592185
gep,chronological,conical_bounded,10,72.17624096027596
gep,chronological,conical_bounded,20,43.250600957412786
gep,chronological,conical_bounded,40,35.00354860299246
gep,chronological,conical_bounded,80,16.27391877097244
gep,chronological,conical,10,70.24994604426873
gep,chronological,conical,20,45.92927492816282
gep,chronological,conical,40,42.71406575892472
gep,chronological,conical,80,16.084122302157716
gep,convex_hull,dirac,10,66.91260539287381
gep,convex_hull,dirac,20,51.19463294191552
gep,convex_hull,dirac,40,32.2070072211783
gep,convex_hull,dirac,80,16.44476638510848
gep,convex_hull,convex,10,80.71785815829443
gep,convex_hull,convex,20,46.43899134773555
gep,convex_hull,convex,40,44.03279621971587
gep,convex_hull,convex,80,14.269714915331495
gep,convex_hull,conical_bounded,10,81.85120335126584
gep,convex_hull,conical_bounded,20,47.62388653767939
gep,convex_hull,conical_bounded,40,45.87688875308532
gep,convex_hull,conical_bounded,80,16.739980516577205
gep,convex_hull,conical,10,81.94387218615053
gep,convex_hull,conical,20,51.101688144653956
gep,convex_hull,conical,40,39.76285205138465
gep,convex_hull,conical,80,21.562303416606774
gep,convex_hull_with_null,dirac,10,74.84849989200632
gep,convex_hull_with_null,dirac,20,34.08511618971309
gep,convex_hull_with_null,dirac,40,24.191981739201424
gep,convex_hull_with_null,dirac,80,24.48109918877723
gep,convex_hull_with_null,convex,10,76.41210195110283
gep,convex_hull_with_null,convex,20,64.69210651239042
gep,convex_hull_with_null,convex,40,29.34328999919365
gep,convex_hull_with_null,convex,80,19.709131306710294
gep,convex_hull_with_null,conical_bounded,10,74.66740031935674
gep,convex_hull_with_null,conical_bounded,20,44.44696447308758
gep,convex_hull_with_null,conical_bounded,40,39.131925830445276
gep,convex_hull_with_null,conical_bounded,80,20.16062222231546
gep,convex_hull_with_null,conical,10,74.43832945056754
gep,convex_hull_with_null,conical,20,57.910153635587996
gep,convex_hull_with_null,conical,40,37.60469559381377
gep,convex_hull_with_null,conical,80,25.54356597616825
gep,conical_hull,dirac,10,61.85462306659907
gep,conical_hull,dirac,20,44.65425211308763
gep,conical_hull,dirac,40,67.83808931236614
gep,conical_hull,dirac,80,28.649361604610387
gep,conical_hull,convex,10,69.10855697004541
gep,conical_hull,convex,20,66.70577429402321
gep,conical_hull,convex,40,72.56475542014674
gep,conical_hull,convex,80,29.50449908190367
gep,conical_hull,conical_bounded,10,69.42374829892812
gep,conical_hull,conical_bounded,20,66.16072677210265
gep,conical_hull,conical_bounded,40,72.58311116696605
gep,conical_hull,conical_bounded,80,29.54031859139479
gep,conical_hull,conical,10,64.61714602196793
gep,conical_hull,conical,20,51.250661859452514
gep,conical_hull,conical,40,62.996665394523376
gep,conical_hull,conical,80,33.77009096741914
5bus,k_means,dirac,10,58.58588806843256
5bus,k_means,dirac,20,47.86690157157175
5bus,k_means,dirac,40,28.84106763873881
5bus,k_means,dirac,80,23.68609182410406
5bus,k_means,convex,10,57.85830252684317
5bus,k_means,convex,20,47.145934534936366
5bus,k_means,convex,40,27.06757886020258
5bus,k_means,convex,80,19.35644942277138
5bus,k_means,conical_bounded,10,53.89679664275015
5bus,k_means,conical_bounded,20,42.85040151071766
5bus,k_means,conical_bounded,40,25.785617311573315
5bus,k_means,conical_bounded,80,19.562022182905547
5bus,k_means,conical,10,55.40168784337113
5bus,k_means,conical,20,49.005971731137464
5bus,k_means,conical,40,29.65333303014276
5bus,k_means,conical,80,18.96646520036554
5bus,k_medoids,dirac,10,32.916571471577186
5bus,k_medoids,dirac,20,33.89588241806509
5bus,k_medoids,dirac,40,6.2037270569645075
5bus,k_medoids,dirac,80,3.8040153778843813
5bus,k_medoids,convex,10,32.489999995121785
5bus,k_medoids,convex,20,32.593264981257114
5bus,k_medoids,convex,40,3.4327642868706425
5bus,k_medoids,convex,80,3.399767545282915
5bus,k_medoids,conical_bounded,10,28.97209820924488
5bus,k_medoids,conical_bounded,20,27.587168484924547
5bus,k_medoids,conical_bounded,40,2.1883244168497398
5bus,k_medoids,conical_bounded,80,4.937125679079349
5bus,k_medoids,conical,10,35.44107987490503
5bus,k_medoids,conical,20,33.72036154351519
5bus,k_medoids,conical,40,4.2514254273228
5bus,k_medoids,conical,80,1.832390867765023
5bus,hierarchical,dirac,10,35.26506240711343
5bus,hierarchical,dirac,20,26.84167014830085
5bus,hierarchical,dirac,40,15.886629028670345
5bus,hierarchical,dirac,80,15.157506949053742
5bus,hierarchical,convex,10,36.19269315409317
5bus,hierarchical,convex,20,23.19154507937767
5bus,hierarchical,convex,40,11.685710079504371
5bus,hierarchical,convex,80,11.19327206969658
5bus,hierarchical,conical_bounded,10,35.270648575967606
5bus,hierarchical,conical_bounded,20,23.207296785249625
5bus,hierarchical,conical_bounded,40,9.849819880739783
5bus,hierarchical,conical_bounded,80,9.461896016197489
5bus,hierarchical,conical,10,36.95879111685428
5bus,hierarchical,conical,20,22.267347392626096
5bus,hierarchical,conical,40,11.100843746802614
5bus,hierarchical,conical,80,14.880485914785321
5bus,chronological,dirac,10,23.594823587960374
5bus,chronological,dirac,20,19.69653846727916
5bus,chronological,dirac,40,16.474160374872294
5bus,chronological,dirac,80,1.0907090256625656
5bus,chronological,convex,10,19.768380218213853
5bus,chronological,convex,20,19.049931123756462
5bus,chronological,convex,40,18.289088890903393
5bus,chronological,convex,80,3.1143213366963787
5bus,chronological,conical_bounded,10,19.816242388528273
5bus,chronological,conical_bounded,20,18.34016369167503
5bus,chronological,conical_bounded,40,17.9496023942927
5bus,chronological,conical_bounded,80,2.6433755654650293
5bus,chronological,conical,10,22.49670873131199
5bus,chronological,conical,20,18.741810294366648
5bus,chronological,conical,40,23.23101785784567
5bus,chronological,conical,80,5.28339370729853
5bus,convex_hull,dirac,10,14.41712031613499
5bus,convex_hull,dirac,20,13.202416418469143
5bus,convex_hull,dirac,40,12.930178322910251
5bus,convex_hull,dirac,80,3.4280057619340454
5bus,convex_hull,convex,10,16.004277734380636
5bus,convex_hull,convex,20,12.94873661254155
5bus,convex_hull,convex,40,13.152436590109797
5bus,convex_hull,convex,80,3.302417237228925
5bus,convex_hull,conical_bounded,10,15.69074329797768
5bus,convex_hull,conical_bounded,20,11.453191539932481
5bus,convex_hull,conical_bounded,40,11.563184032423612
5bus,convex_hull,conical_bounded,80,4.983611018507739
5bus,convex_hull,conical,10,17.24594190005939
5bus,convex_hull,conical,20,12.126989931117684
5bus,convex_hull,conical,40,12.318136225563528
5bus,convex_hull,conical,80,5.209794619090733
5bus,convex_hull_with_null,dirac,10,21.117268757233816
5bus,convex_hull_with_null,dirac,20,30.41930195288846
5bus,convex_hull_with_null,dirac,40,26.41775259204236
5bus,convex_hull_with_null,dirac,80,3.451539462500357
5bus,convex_hull_with_null,convex,10,25.033435361423113
5bus,convex_hull_with_null,convex,20,23.1960415006825
5bus,convex_hull_with_null,convex,40,22.136650262724125
5bus,convex_hull_with_null,convex,80,3.23697240683002
5bus,convex_hull_with_null,conical_bounded,10,26.4630309641537
5bus,convex_hull_with_null,conical_bounded,20,25.168837446504025
5bus,convex_hull_with_null,conical_bounded,40,26.4601829076485
5bus,convex_hull_with_null,conical_bounded,80,4.872713339736274
5bus,convex_hull_with_null,conical,10,24.205733834819352
5bus,convex_hull_with_null,conical,20,23.849122950289953
5bus,convex_hull_with_null,conical,40,23.02831889877546
5bus,convex_hull_with_null,conical,80,5.169169844694984
5bus,conical_hull,dirac,10,11.898700412165228
5bus,conical_hull,dirac,20,13.20877270764817
5bus,conical_hull,dirac,40,10.95127494699516
5bus,conical_hull,dirac,80,11.221226813006494
5bus,conical_hull,convex,10,13.395474767721506
5bus,conical_hull,convex,20,11.806823682506321
5bus,conical_hull,convex,40,10.819116020576221
5bus,conical_hull,convex,80,10.760814786082236
5bus,conical_hull,conical_bounded,10,13.344286199662813
5bus,conical_hull,conical_bounded,20,11.707982160239421
5bus,conical_hull,conical_bounded,40,10.684425364386465
5bus,conical_hull,conical_bounded,80,10.706437022341644
5bus,conical_hull,conical,10,36.29797625981987
5bus,conical_hull,conical,20,16.52037179659844
5bus,conical_hull,conical,40,15.552999134963335
5bus,conical_hull,conical,80,14.43855600052038
