case_study,clustering_type,weight_type,n_rep_periods,curtailment_mean_pct,curtailment_sd_pct,n_seeds
p2x,k_means,dirac,10,13.274178625410222,0.0,1
p2x,k_means,dirac,20,13.271820536070047,0.0,1
p2x,k_means,dirac,40,13.171045068786892,0.0,1
p2x,k_means,dirac,80,12.955667081010885,0.0,1
p2x,k_means,convex,10,13.267704998426698,0.0,1
p2x,k_means,convex,20,13.154366490519093,0.0,1
p2x,k_means,convex,40,12.979803732401061,0.0,1
p2x,k_means,convex,80,13.017029398166525,0.0,1
p2x,k_means,conical_bounded,10,13.223888678912035,0.0,1
p2x,k_means,conical_bounded,20,13.128073308627911,0.0,1
p2x,k_means,conical_bounded,40,12.957519471303986,0.0,1
p2x,k_means,conical_bounded,80,12.875303782377156,0.0,1
p2x,k_means,conical,10,13.263171355170345,0.0,1
p2x,k_means,conical,20,13.018508256371772,0.0,1
p2x,k_means,conical,40,13.198064068477311,0.0,1
p2x,k_means,conical,80,13.199439475266317,0.0,1
p2x,k_medoids,dirac,10,13.37763483658535,0.0,1
p2x,k_medoids,dirac,20,13.290423017523542,0.0,1
p2x,k_medoids,dirac,40,13.135783060070413,0.0,1
p2x,k_medoids,dirac,80,13.072658816845278,0.0,1
p2x,k_medoids,convex,10,13.111099070724118,0.0,1
p2x,k_medoids,convex,20,12.96109212835302,0.0,1
p2x,k_medoids,convex,40,13.096422432218132,0.0,1
p2x,k_medoids,convex,80,12.838769170513245,0.0,1
p2x,k_medoids,conical_bounded,10,13.151340321152464,0.0,1
p2x,k_medoids,conical_bounded,20,13.127767320689786,0.0,1
p2x,k_medoids,conical_bounded,40,13.047868390448308,0.0,1
p2x,k_medoids,conical_bounded,80,12.857776428776921,0.0,1
p2x,k_medoids,conical,10,13.155540432700722,0.0,1
p2x,k_medoids,conical,20,13.093040451570914,0.0,1
p2x,k_medoids,conical,40,13.025654293329255,0.0,1
p2x,k_medoids,conical,80,12.875559217835697,0.0,1
p2x,hierarchical,dirac,10,13.42559627072456,0.0,1
p2x,hierarchical,dirac,20,13.344955704183612,0.0,1
p2x,hierarchical,dirac,40,13.29369858677481,0.0,1
p2x,hierarchical,dirac,80,12.977923905125968,0.0,1
p2x,hierarchical,convex,10,13.18646658748215,0.0,1
p2x,hierarchical,convex,20,12.956244992128811,0.0,1
p2x,hierarchical,convex,40,13.148596212242511,0.0,1
p2x,hierarchical,convex,80,13.033532714086293,0.0,1
p2x,hierarchical,conical_bounded,10,13.206142051558489,0.0,1
p2x,hierarchical,conical_bounded,20,13.23453502570316,0.0,1
p2x,hierarchical,conical_bounded,40,12.948788215792058,0.0,1
p2x,hierarchical,conical_bounded,80,13.054566908082359,0.0,1
p2x,hierarchical,conical,10,13.174040602839648,0.0,1
p2x,hierarchical,conical,20,13.170729503556437,0.0,1
p2x,hierarchical,conical,40,13.092559421113785,0.0,1
p2x,hierarchical,conical,80,12.97679269237623,0.0,1
p2x,chronological,dirac,10,13.669469897811055,0.0,1
p2x,chronological,dirac,20,13.571122822628343,0.0,1
p2x,chronological,dirac,40,13.41874707270314,0.0,1
p2x,chronological,dirac,80,13.309793746723015,0.0,1
p2x,chronological,convex,10,13.232921636779308,0.0,1
p2x,chronological,convex,20,13.233470829696799,0.0,1
p2x,chronological,convex,40,13.190677234259013,0.0,1
p2x,chronological,convex,80,12.867616856541735,0.0,1
p2x,chronological,conical_bounded,10,13.358554836932148,0.0,1
p2x,chronological,conical_bounded,20,13.140067459492595,0.0,1
p2x,chronological,conical_bounded,40,13.005284009774238,0.0,1
p2x,chronological,conical_bounded,80,12.869203109969177,0.0,1
p2x,chronological,conical,10,13.358683093350434,0.0,1
p2x,chronological,conical,20,13.27850177450276,0.0,1
p2x,chronological,conical,40,13.050670550248684,0.0,1
p2x,chronological,conical,80,12.91134424666953,0.0,1
p2x,convex_hull,dirac,10,13.237972547276875,0.0,1
p2x,convex_hull,dirac,20,13.127485134305202,0.0,1
p2x,convex_hull,dirac,40,13.185010518547681,0.0,1
p2x,convex_hull,dirac,80,13.131962252962733,0.0,1
p2x,convex_hull,convex,10,13.123300319506045,0.0,1
p2x,convex_hull,convex,20,13.088593343051784,0.0,1
p2x,convex_hull,convex,40,13.098852656165022,0.0,1
p2x,convex_hull,convex,80,12.877543439409946,0.0,1
p2x,convex_hull,conical_bounded,10,12.986884698739901,0.0,1
p2x,convex_hull,conical_bounded,20,13.078563191842223,0.0,1
p2x,convex_hull,conical_bounded,40,13.139334953954425,0.0,1
p2x,convex_hull,conical_bounded,80,12.920938786665156,0.0,1
p2x,convex_hull,conical,10,13.095662329858719,0.0,1
p2x,convex_hull,conical,20,13.08711886854536,0.0,1
p2x,convex_hull,conical,40,13.03750404282163,0.0,1
p2x,convex_hull,conical,80,12.89582467180137,0.0,1
p2x,convex_hull_with_null,dirac,10,13.340947690975034,0.0,1
p2x,convex_hull_with_null,dirac,20,13.207560000358225,0.0,1
p2x,convex_hull_with_null,dirac,40,13.18694131623117,0.0,1
p2x,convex_hull_with_null,dirac,80,13.109601241597382,0.0,1
p2x,convex_hull_with_null,convex,10,13.0898502798489,0.0,1
p2x,convex_hull_with_null,convex,20,13.159633205424647,0.0,1
p2x,convex_hull_with_null,convex,40,13.092537762444206,0.0,1
p2x,convex_hull_with_null,convex,80,12.883004015450638,0.0,1
p2x,convex_hull_with_null,conical_bounded,10,13.109346759460506,0.0,1
p2x,convex_hull_with_null,conical_bounded,20,13.24703030913097,0.0,1
p2x,convex_hull_with_null,conical_bounded,40,13.116256167271215,0.0,1
p2x,convex_hull_with_null,conical_bounded,80,12.893085837927787,0.0,1
p2x,convex_hull_with_null,conical,10,13.093727305714905,0.0,1
p2x,convex_hull_with_null,conical,20,13.039931476812464,0.0,1
p2x,convex_hull_with_null,conical,40,13.139551912161135,0.0,1
p2x,convex_hull_with_null,conical,80,12.920988472210212,0.0,1
p2x,conical_hull,dirac,10,13.206255979370674,0.0,1
p2x,conical_hull,dirac,20,13.301113275085243,0.0,1
p2x,conical_hull,dirac,40,13.168451261774601,0.0,1
p2x,conical_hull,dirac,80,13.095136871179102,0.0,1
p2x,conical_hull,convex,10,13.186508440025296,0.0,1
p2x,conical_hull,convex,20,13.09040108888491,0.0,1
p2x,conical_hull,convex,40,13.041701390885587,0.0,1
p2x,conical_hull,convex,80,12.988550581622903,0.0,1
p2x,conical_hull,conical_bounded,10,13.165437648221152,0.0,1
p2x,conical_hull,conical_bounded,20,13.089529076373907,0.0,1
p2x,conical_hull,conical_bounded,40,13.054417499968455,0.0,1
p2x,conical_hull,conical_bounded,80,12.915056540634572,0.0,1
p2x,conical_hull,conical,10,13.242948865299162,0.0,1
p2x,conical_hull,conical,20,13.28594574253176,0.0,1
p2x,conical_hull,conical,40,13.177485610763274,0.0,1
p2x,conical_hull,conical,80,13.072986384310179,0.0,1
118bus,k_means,dirac,10,14.963127947359517,0.0,1
118bus,k_means,dirac,20,14.963127947359807,0.0,1
118bus,k_means,dirac,40,14.963127947359382,0.0,1
118bus,k_means,dirac,80,14.963127947359588,0.0,1
118bus,k_means,convex,10,14.963127947359382,0.0,1
118bus,k_means,convex,20,14.963127947359668,0.0,1
118bus,k_means,convex,40,14.963127947359382,0.0,1
118bus,k_means,convex,80,14.963127947359334,0.0,1
118bus,k_means,conical_bounded,10,14.963127947359382,0.0,1
118bus,k_means,conical_bounded,20,14.963127947359645,0.0,1
118bus,k_means,conical_bounded,40,14.963127947359485,0.0,1
118bus,k_means,conical_bounded,80,14.963127947359393,0.0,1
118bus,k_means,conical,10,14.963127947359439,0.0,1
118bus,k_means,conical,20,14.963127947359254,0.0,1
118bus,k_means,conical,40,14.963127947359506,0.0,1
118bus,k_means,conical,80,14.963127947359622,0.0,1
118bus,k_medoids,dirac,10,14.963127947359382,0.0,1
118bus,k_medoids,dirac,20,14.963127947359531,0.0,1
118bus,k_medoids,dirac,40,14.963127947359622,0.0,1
118bus,k_medoids,dirac,80,14.963127947359347,0.0,1
118bus,k_medoids,convex,10,14.963127947359588,0.0,1
118bus,k_medoids,convex,20,14.963127947359311,0.0,1
118bus,k_medoids,convex,40,14.963127947359473,0.0,1
118bus,k_medoids,convex,80,14.963127947359622,0.0,1
118bus,k_medoids,conical_bounded,10,14.963127947359496,0.0,1
118bus,k_medoids,conical_bounded,20,14.963127947359553,0.0,1
118bus,k_medoids,conical_bounded,40,14.963127947359506,0.0,1
118bus,k_medoids,conical_bounded,80,14.96312794735945,0.0,1
118bus,k_medoids,conical,10,14.963127947359403,0.0,1
118bus,k_medoids,conical,20,14.963127947359382,0.0,1
118bus,k_medoids,conical,40,14.963127947359427,0.0,1
118bus,k_medoids,conical,80,14.963127947359439,0.0,1
118bus,hierarchical,dirac,10,14.963127947359668,0.0,1
118bus,hierarchical,dirac,20,14.963127947359334,0.0,1
118bus,hierarchical,dirac,40,14.963127947359496,0.0,1
118bus,hierarchical,dirac,80,14.963127947359531,0.0,1
118bus,hierarchical,convex,10,14.963127947359691,0.0,1
118bus,hierarchical,convex,20,14.963127947359828,0.0,1
118bus,hierarchical,convex,40,14.963127947359517,0.0,1
118bus,hierarchical,convex,80,14.963127947359323,0.0,1
118bus,hierarchical,conical_bounded,10,14.963127947359657,0.0,1
118bus,hierarchical,conical_bounded,20,14.963127947359414,0.0,1
118bus,hierarchical,conical_bounded,40,14.963127947359427,0.0,1
118bus,hierarchical,conical_bounded,80,14.963127947359485,0.0,1
118bus,hierarchical,conical,10,14.963127947359427,0.0,1
118bus,hierarchical,conical,20,14.96312794735975,0.0,1
118bus,hierarchical,conical,40,14.963127947359414,0.0,1
118bus,hierarchical,conical,80,14.963127947359565,0.0,1
118bus,chronological,dirac,10,14.963127947359828,0.0,1
118bus,chronological,dirac,20,14.963127947359645,0.0,1
118bus,chronological,dirac,40,14.963127947359853,0.0,1
118bus,chronological,dirac,80,14.963127947359531,0.0,1
118bus,chronological,convex,10,14.963127947359347,0.0,1
118bus,chronological,convex,20,14.96312794735961,0.0,1
118bus,chronological,convex,40,14.96312794735929,0.0,1
118bus,chronological,convex,80,14.963127947359414,0.0,1
118bus,chronological,conical_bounded,10,14.963127947359485,0.0,1
118bus,chronological,conical_bounded,20,14.963127947359542,0.0,1
118bus,chronological,conical_bounded,40,14.963127947359368,0.0,1
118bus,chronological,conical_bounded,80,14.963127947359393,0.0,1
118bus,chronological,conical,10,14.963127947359473,0.0,1
118bus,chronological,conical,20,14.963127947359576,0.0,1
118bus,chronological,conical,40,14.963127947359323,0.0,1
118bus,chronological,conical,80,14.963127947359382,0.0,1
118bus,convex_hull,dirac,10,14.96312794735992,0.0,1
118bus,convex_hull,dirac,20,14.963127947359599,0.0,1
118bus,convex_hull,dirac,40,14.96312794735946,0.0,1
118bus,convex_hull,dirac,80,14.963127947359668,0.0,1
118bus,convex_hull,convex,10,14.963127947359645,0.0,1
118bus,convex_hull,convex,20,14.96312794735976,0.0,1
118bus,convex_hull,convex,40,14.963127947359531,0.0,1
118bus,convex_hull,convex,80,14.963127947359382,0.0,1
118bus,convex_hull,conical_bounded,10,14.963127947359784,0.0,1
118bus,convex_hull,conical_bounded,20,14.963127947359842,0.0,1
118bus,convex_hull,conical_bounded,40,14.963127947359842,0.0,1
118bus,convex_hull,conical_bounded,80,14.963127947359197,0.0,1
118bus,convex_hull,conical,10,14.963127947359645,0.0,1
118bus,convex_hull,conical,20,14.963127947359576,0.0,1
118bus,convex_hull,conical,40,14.963127947359828,0.0,1
118bus,convex_hull,conical,80,14.963127947359382,0.0,1
118bus,convex_hull_with_null,dirac,10,14.963127947359691,0.0,1
118bus,convex_hull_with_null,dirac,20,14.963127947359517,0.0,1
118bus,convex_hull_with_null,dirac,40,14.963127947359347,0.0,1
118bus,convex_hull_with_null,dirac,80,14.963127947359807,0.0,1
118bus,convex_hull_with_null,convex,10,14.963127947359702,0.0,1
118bus,convex_hull_with_null,convex,20,14.963127947359531,0.0,1
118bus,convex_hull_with_null,convex,40,14.963127947359368,0.0,1
118bus,convex_hull_with_null,convex,80,14.96312794735976,0.0,1
118bus,convex_hull_with_null,conical_bounded,10,14.963127947359485,0.0,1
118bus,convex_hull_with_null,conical_bounded,20,14.963127947359414,0.0,1
118bus,convex_hull_with_null,conical_bounded,40,14.963127947359506,0.0,1
118bus,convex_hull_with_null,conical_bounded,80,14.963127947359485,0.0,1
118bus,convex_hull_with_null,conical,10,14.963127947359794,0.0,1
118bus,convex_hull_with_null,conical,20,14.963127947359599,0.0,1
118bus,convex_hull_with_null,conical,40,14.963127947359473,0.0,1
118bus,convex_hull_with_null,conical,80,14.963127947359334,0.0,1
118bus,conical_hull,dirac,10,14.96312794735961,0.0,1
118bus,conical_hull,dirac,20,14.96312794735945,0.0,1
118bus,conical_hull,dirac,40,14.963127947359828,0.0,1
118bus,conical_hull,dirac,80,14.963127947359553,0.0,1
118bus,conical_hull,convex,10,14.963127947359542,0.0,1
118bus,conical_hull,convex,20,14.963127947359347,0.0,1
118bus,conical_hull,convex,40,14.96312794735975,0.0,1
118bus,conical_hull,convex,80,14.963127947359657,0.0,1
118bus,conical_hull,conical_bounded,10,14.963127947359506,0.0,1
118bus,conical_hull,conical_bounded,20,14.963127947359357,0.0,1
118bus,conical_hull,conical_bounded,40,14.963127947359565,0.0,1
118bus,conical_hull,conical_bounded,80,14.963127947359174,0.0,1
118bus,conical_hull,conical,10,14.96312794735929,0.0,1
118bus,conical_hull,conical,20,14.963127947359645,0.0,1
118bus,conical_hull,conical,40,14.963127947359657,0.0,1
118bus,conical_hull,conical,80,14.963127947359542,0.0,1
