case_study,clustering_type,weight_type,n_rep_periods,total_spillage,total_borrow,max_weight_sum,eval_cost_of_operations,eval_cost_of_borrow
gep,k_means,dirac,10,0.0,0.0,1.0,3.1798383838544065e8,0.0
gep,k_means,dirac,20,0.0,0.0,1.0,1.457606383502956e8,0.0
gep,k_means,dirac,40,0.0,0.0,1.0,8.469708432955089e7,0.0
gep,k_means,dirac,80,0.0,0.0,1.0,4.7350212508743964e7,0.0
gep,k_means,convex,10,0.0,0.0,1.0000000000000002,3.2166496913471633e8,0.0
gep,k_means,convex,20,0.0,0.0,1.0000000000000002,1.5049479964553842e8,0.0
gep,k_means,convex,40,0.0,0.0,1.0000000000000004,8.235131232602029e7,0.0
gep,k_means,convex,80,0.0,0.0,1.0000000000000002,4.127157579044214e7,0.0
gep,k_means,conical_bounded,10,0.0,0.0,1.0,3.2402159285973084e8,0.0
gep,k_means,conical_bounded,20,0.0,0.0,1.0000000000000002,1.5198203456503806e8,0.0
gep,k_means,conical_bounded,40,0.0,0.0,1.0000000000000002,8.261429637914579e7,0.0
gep,k_means,conical_bounded,80,0.0,0.0,1.0000000000000002,4.119473678449316e7,0.0
gep,k_means,conical,10,0.0,0.0,1.3150429376234212,3.098110268209427e8,0.0
gep,k_means,conical,20,0.0,0.0,1.3003468145232202,1.4996477098690927e8,0.0
gep,k_means,conical,40,0.0,0.0,1.311816440936269,7.978921814564185e7,0.0
gep,k_means,conical,80,0.0,0.0,1.2690427449082375,4.0596096283763304e7,0.0
gep,k_medoids,dirac,10,0.0,0.0,1.0,2.508146692124408e8,0.0
gep,k_medoids,dirac,20,0.0,0.0,1.0,9.822279298889387e7,0.0
gep,k_medoids,dirac,40,0.0,0.0,1.0,4.581775640802978e7,0.0
gep,k_medoids,dirac,80,0.0,0.0,1.0,2.801903227370436e7,0.0
gep,k_medoids,convex,10,0.0,0.0,1.0000000000000004,2.698194079658046e8,0.0
gep,k_medoids,convex,20,0.0,0.0,1.0000000000000002,9.893279581319061e7,0.0
gep,k_medoids,convex,40,0.0,0.0,1.0000000000000004,4.46954129141197e7,0.0
gep,k_medoids,convex,80,0.0,0.0,1.0000000000000002,2.660129142532581e7,0.0
gep,k_medoids,conical_bounded,10,0.0,0.0,1.0,2.748620266741206e8,0.0
gep,k_medoids,conical_bounded,20,0.0,0.0,1.0000000000000002,1.056328784771113e8,0.0
gep,k_medoids,conical_bounded,40,0.0,0.0,1.0000000000000002,4.520336608035718e7,0.0
gep,k_medoids,conical_bounded,80,0.0,0.0,1.0000000000000002,2.6801802659479853e7,0.0
gep,k_medoids,conical,10,0.0,0.0,1.3725737929745252,2.5565492224867845e8,0.0
gep,k_medoids,conical,20,0.0,0.0,1.314915630591979,9.514936405569044e7,0.0
gep,k_medoids,conical,40,0.0,0.0,1.3542891861697888,4.31515888517067e7,0.0
gep,k_medoids,conical,80,0.0,0.0,1.3274527105991745,2.614046891839624e7,0.0
gep,hierarchical,dirac,10,0.0,0.0,1.0,1.996095539623739e8,0.0
gep,hierarchical,dirac,20,0.0,0.0,1.0,5.3418910953515425e7,0.0
gep,hierarchical,dirac,40,0.0,0.0,1.0,3.60183539669758e7,0.0
gep,hierarchical,dirac,80,0.0,0.0,1.0,2.660649349842045e7,0.0
gep,hierarchical,convex,10,0.0,0.0,1.0000000000000002,2.1042797453027418e8,0.0
gep,hierarchical,convex,20,0.0,0.0,1.0000000000000002,5.8439298801869765e7,0.0
gep,hierarchical,convex,40,0.0,0.0,1.0000000000000004,3.9756247326671004e7,0.0
gep,hierarchical,convex,80,0.0,0.0,1.0000000000000002,2.6233967278543763e7,0.0
gep,hierarchical,conical_bounded,10,0.0,0.0,1.0,2.210143998871263e8,0.0
gep,hierarchical,conical_bounded,20,0.0,0.0,1.0000000000000002,5.933123748391535e7,0.0
gep,hierarchical,conical_bounded,40,0.0,0.0,1.0000000000000002,4.003739621850443e7,0.0
gep,hierarchical,conical_bounded,80,0.0,0.0,1.0000000000000002,2.6873223284362487e7,0.0
gep,hierarchical,conical,10,0.0,0.0,1.3275587800635733,2.2682232020420402e8,0.0
gep,hierarchical,conical,20,0.0,0.0,1.457530557603171,5.473969675452267e7,0.0
gep,hierarchical,conical,40,0.0,0.0,1.3904104315193866,3.694842495147041e7,0.0
gep,hierarchical,conical,80,0.0,0.0,1.31899931800199,2.671722265747673e7,0.0
gep,chronological,dirac,10,0.0,0.0,1.0,2.05228053193069e8,0.0
gep,chronological,dirac,20,0.0,0.0,1.0,1.3516256174133557e8,0.0
gep,chronological,dirac,40,0.0,0.0,1.0,4.867618677824593e7,0.0
gep,chronological,dirac,80,0.0,0.0,1.0,2.7772882941796787e7,0.0
gep,chronological,convex,10,0.0,0.0,1.0000000000000002,1.9488102608922905e8,0.0
gep,chronological,convex,20,0.0,0.0,1.0000000000000002,9.68982674309402e7,0.0
gep,chronological,convex,40,0.0,0.0,1.0000000000000002,4.8041714769855484e7,0.0
gep,chronological,convex,80,0.0,0.0,1.0000000000000002,2.8049945333198674e7,0.0
gep,chronological,conical_bounded,10,0.0,0.0,1.0,2.009033022689367e8,0.0
gep,chronological,conical_bounded,20,0.0,0.0,1.0000000000000002,1.1199759576362126e8,0.0
gep,chronological,conical_bounded,40,0.0,0.0,1.0000000000000002,5.170471515277796e7,0.0
gep,chronological,conical_bounded,80,0.0,0.0,1.0000000000000002,2.793464751603489e7,0.0
gep,chronological,conical,10,0.0,0.0,1.4704810048702281,2.0015581467032295e8,0.0
gep,chronological,conical,20,0.0,0.0,1.337113229093547,9.051006497398597e7,0.0
gep,chronological,conical,40,0.0,0.0,1.2875357916794041,4.66625564562772e7,0.0
gep,chronological,conical,80,0.0,0.0,1.575235111175296,2.8080772457021993e7,0.0
gep,convex_hull,dirac,10,0.0,0.0,1.0,8.17496256576376e7,0.0
gep,convex_hull,dirac,20,0.0,0.0,1.0,2.610868562456932e7,0.0
gep,convex_hull,dirac,40,0.0,0.0,1.0,2.5086636846760225e7,0.0
gep,convex_hull,dirac,80,0.0,0.0,1.0,2.410940594404806e7,0.0
gep,convex_hull,convex,10,0.0,0.0,1.0000000000000002,8.095955797979738e7,0.0
gep,convex_hull,convex,20,0.0,0.0,1.0000000000000002,2.5913837414935295e7,0.0
gep,convex_hull,convex,40,0.0,0.0,1.0000000000000004,2.529877885056439e7,0.0
gep,convex_hull,convex,80,0.0,0.0,1.0000000000000002,2.3237590208580032e7,0.0
gep,convex_hull,conical_bounded,10,0.0,0.0,1.0,8.247780111542732e7,0.0
gep,convex_hull,conical_bounded,20,0.0,0.0,1.0000000000000002,2.6190019441112302e7,0.0
gep,convex_hull,conical_bounded,40,0.0,0.0,1.0000000000000002,2.543855493980155e7,0.0
gep,convex_hull,conical_bounded,80,0.0,0.0,1.0000000000000002,2.335574328986805e7,0.0
gep,convex_hull,conical,10,0.0,0.0,1.239225157602805,8.293660242277595e7,0.0
gep,convex_hull,conical,20,0.0,0.0,1.2752618581582316,2.6425759066470735e7,0.0
gep,convex_hull,conical,40,0.0,0.0,1.30706603428146,2.4781305177606914e7,0.0
gep,convex_hull,conical,80,0.0,0.0,1.2656341789494567,2.305787270649247e7,0.0
gep,convex_hull_with_null,dirac,10,0.0,0.0,1.0,3.0476428577825833e7,0.0
gep,convex_hull_with_null,dirac,20,0.0,0.0,1.0,2.3887946606440246e7,0.0
gep,convex_hull_with_null,dirac,40,0.0,0.0,1.0,2.4122863412305348e7,0.0
gep,convex_hull_with_null,dirac,80,0.0,0.0,1.0,2.4900389595211755e7,0.0
gep,convex_hull_with_null,convex,10,0.0,0.0,1.0000000000000002,3.2806598845484816e7,0.0
gep,convex_hull_with_null,convex,20,0.0,0.0,1.0000000000000002,2.356330314019109e7,0.0
gep,convex_hull_with_null,convex,40,0.0,0.0,1.0000000000000002,2.3857624582590338e7,0.0
gep,convex_hull_with_null,convex,80,0.0,0.0,1.0000000000000002,2.3189973891302574e7,0.0
gep,convex_hull_with_null,conical_bounded,10,0.0,0.0,1.0,3.477729327285517e7,0.0
gep,convex_hull_with_null,conical_bounded,20,0.0,0.0,1.0000000000000002,2.4391514743461516e7,0.0
gep,convex_hull_with_null,conical_bounded,40,0.0,0.0,1.0000000000000002,2.445086331527288e7,0.0
gep,convex_hull_with_null,conical_bounded,80,0.0,0.0,1.0000000000000002,2.3297168783137493e7,0.0
gep,convex_hull_with_null,conical,10,0.0,0.0,1.2497566637212927,3.3750355897729374e7,0.0
gep,convex_hull_with_null,conical,20,0.0,0.0,1.269143660200941,2.4063781834215585e7,0.0
gep,convex_hull_with_null,conical,40,0.0,0.0,1.2572905346497698,2.4285390727039915e7,0.0
gep,convex_hull_with_null,conical,80,0.0,0.0,1.2523886722140125,2.33447270957091e7,0.0
gep,conical_hull,dirac,10,0.0,0.0,1.0,3.198653568005479e7,0.0
gep,conical_hull,dirac,20,0.0,0.0,1.0,2.920361762333452e7,0.0
gep,conical_hull,dirac,40,0.0,0.0,1.0,2.7252686699686028e7,0.0
gep,conical_hull,dirac,80,0.0,0.0,1.0,2.788532685354715e7,0.0
gep,conical_hull,convex,10,0.0,0.0,1.0000000000000004,2.935019489077484e7,0.0
gep,conical_hull,convex,20,0.0,0.0,1.0000000000000002,2.6394218360892907e7,0.0
gep,conical_hull,convex,40,0.0,0.0,1.0000000000000002,2.5027711379183695e7,0.0
gep,conical_hull,convex,80,0.0,0.0,1.0000000000000002,2.4762675604381476e7,0.0
gep,conical_hull,conical_bounded,10,0.0,0.0,1.0,3.0843065393625926e7,0.0
gep,conical_hull,conical_bounded,20,0.0,0.0,1.0000000000000002,2.670411428566236e7,0.0
gep,conical_hull,conical_bounded,40,0.0,0.0,1.0000000000000002,2.5139996572275635e7,0.0
gep,conical_hull,conical_bounded,80,0.0,0.0,1.0000000000000002,2.4820560585031446e7,0.0
gep,conical_hull,conical,10,0.0,0.0,1.6637745943216522,2.9053576773695983e7,0.0
gep,conical_hull,conical,20,0.0,0.0,1.6458538381177565,2.713182034094905e7,0.0
gep,conical_hull,conical,40,0.0,0.0,1.615373686240662,2.4829773066832233e7,0.0
gep,conical_hull,conical,80,0.0,0.0,1.5342298584317198,2.4690479454085626e7,0.0
5bus,k_means,dirac,10,217763.67503683112,464.26928251133097,1.0,381788.163020391,4642.6928251133095
5bus,k_means,dirac,20,217556.91452854392,430.6591026373597,1.0,235188.70167225468,4306.591026373598
5bus,k_means,dirac,40,208200.38971188315,0.0,1.0,33224.59913611612,0.0
5bus,k_means,dirac,80,204073.13370736566,0.0,1.0,29688.917652315344,0.0
5bus,k_means,convex,10,217984.16306528953,28.594336853227105,1.0000000000000002,368068.8904388993,285.94336853227105
5bus,k_means,convex,20,216690.512961316,37.109751276053885,1.0000000000000002,230784.5123187444,371.09751276053885
5bus,k_means,convex,40,206931.1903372444,0.0,1.0000000000000002,29889.255281104695,0.0
5bus,k_means,convex,80,199278.36582939996,0.0,1.0000000000000002,29165.404124416535,0.0
5bus,k_means,conical_bounded,10,213314.2322098476,517.5253359620004,1.0,353564.8696660661,5175.253359620003
5bus,k_means,conical_bounded,20,211742.83475747984,14.991798216495681,1.0000000000000002,226106.63219104247,149.9179821649568
5bus,k_means,conical_bounded,40,202496.36291142454,0.0,1.0000000000000002,30869.794577047425,0.0
5bus,k_means,conical_bounded,80,197818.66211262555,0.0,1.0000000000000002,29664.906381152075,0.0
5bus,k_means,conical,10,216960.84709732133,1956.8192678637813,1.6496259324732505,388550.07848762686,19568.192678637814
5bus,k_means,conical,20,219298.0646920573,1585.6108846052728,1.6499532033895583,243842.40927793644,15856.108846052728
5bus,k_means,conical,40,213643.16090226787,0.0,1.7201722116571727,28020.24719561095,0.0
5bus,k_means,conical,80,203594.53340869362,0.0,1.650703972861887,26831.718725716724,0.0
5bus,k_medoids,dirac,10,213231.70674671017,0.0,1.0,27600.401323986014,0.0
5bus,k_medoids,dirac,20,206645.97402822407,0.0,1.0,28471.81091496168,0.0
5bus,k_medoids,dirac,40,201275.67288884008,0.0,1.0,20567.730125797363,0.0
5bus,k_medoids,dirac,80,197048.02466210697,0.0,1.0,16874.634346133746,0.0
5bus,k_medoids,convex,10,212084.40021022843,0.0,1.0000000000000002,27433.565219465905,0.0
5bus,k_medoids,convex,20,202189.98998186341,0.0,1.0000000000000002,27882.949837779102,0.0
5bus,k_medoids,convex,40,198871.38309655135,0.0,1.0000000000000002,20523.80911181055,0.0
5bus,k_medoids,convex,80,193864.82752975932,0.0,1.0000000000000004,17054.337805414514,0.0
5bus,k_medoids,conical_bounded,10,205404.93407434956,0.0,1.0,27905.001845483108,0.0
5bus,k_medoids,conical_bounded,20,195986.67376422597,0.0,1.0000000000000002,29316.281630475085,0.0
5bus,k_medoids,conical_bounded,40,193692.24006842653,0.0,1.0000000000000002,20858.15045975011,0.0
5bus,k_medoids,conical_bounded,80,191847.31285521868,0.0,1.0000000000000004,17310.551696838695,0.0
5bus,k_medoids,conical,10,215164.047741868,0.0,1.7520751931095746,27040.230720612122,0.0
5bus,k_medoids,conical,20,205076.55194568407,0.0,1.767704183077763,27309.036587174247,0.0
5bus,k_medoids,conical,40,203312.20961112404,0.0,1.7615966308279158,20327.376913399632,0.0
5bus,k_medoids,conical,80,196914.98648873204,0.0,1.817076894165647,16652.029151722065,0.0
5bus,hierarchical,dirac,10,218090.36839238447,0.0,1.0,42275.86725415177,0.0
5bus,hierarchical,dirac,20,203368.48974986313,0.0,1.0,34178.54735151653,0.0
5bus,hierarchical,dirac,40,210904.49300338846,0.0,1.0,17299.66361762262,0.0
5bus,hierarchical,dirac,80,211986.07235321443,0.0,1.0,17233.768126573214,0.0
5bus,hierarchical,convex,10,217555.04973938674,0.0,1.0000000000000002,42595.19371021706,0.0
5bus,hierarchical,convex,20,191337.1138109172,0.0,1.0000000000000002,37262.355662282615,0.0
5bus,hierarchical,convex,40,203680.63055943788,0.0,1.0000000000000002,17137.377550681394,0.0
5bus,hierarchical,convex,80,204422.71695385323,0.0,1.0000000000000004,17131.022643218148,0.0
5bus,hierarchical,conical_bounded,10,213288.42598981774,0.0,1.0,41341.51240741534,0.0
5bus,hierarchical,conical_bounded,20,190643.07640662492,0.0,1.0000000000000002,37780.94323080552,0.0
5bus,hierarchical,conical_bounded,40,199967.77303716505,0.0,1.0000000000000002,17196.87881498859,0.0
5bus,hierarchical,conical_bounded,80,201567.5996463842,0.0,1.0000000000000002,17193.335907850986,0.0
5bus,hierarchical,conical,10,217307.61998216007,0.0,1.5071951359204454,42331.731998773335,0.0
5bus,hierarchical,conical,20,195071.83904951598,0.0,1.5992349907646641,36100.27985270903,0.0
5bus,hierarchical,conical,40,205531.20620155643,0.0,1.6009978925170327,17069.604409834064,0.0
5bus,hierarchical,conical,80,213073.53637667265,0.0,1.7002370765741008,16999.690679516083,0.0
5bus,chronological,dirac,10,197385.42586194805,0.0,1.0,37686.45925713723,0.0
5bus,chronological,dirac,20,202370.23196765952,0.0,1.0,23963.601470315032,0.0
5bus,chronological,dirac,40,202762.20419773296,0.0,1.0,23562.182585486273,0.0
5bus,chronological,dirac,80,196617.32073796447,0.0,1.0,15021.776358390165,0.0
5bus,chronological,convex,10,180730.47600247306,0.0,1.0000000000000002,35428.61739562787,0.0
5bus,chronological,convex,20,202893.45064793734,0.0,1.0000000000000002,24001.199701951824,0.0
5bus,chronological,convex,40,203653.07210394574,0.0,1.0000000000000002,23731.06262407415,0.0
5bus,chronological,convex,80,194824.78712407767,0.0,1.0000000000000002,15158.073789653401,0.0
5bus,chronological,conical_bounded,10,180482.4159469364,0.0,1.0,35466.82646562753,0.0
5bus,chronological,conical_bounded,20,200643.29373338903,0.0,1.0000000000000002,24248.11375633175,0.0
5bus,chronological,conical_bounded,40,202032.69557288403,0.0,1.0000000000000002,23858.139633085048,0.0
5bus,chronological,conical_bounded,80,193630.1855381258,0.0,1.0000000000000002,15429.337341619594,0.0
5bus,chronological,conical,10,206877.8280716888,0.0,2.530321024172794,36047.653425465476,0.0
5bus,chronological,conical,20,206495.26908769167,0.0,2.7273629705065714,23318.17072621324,0.0
5bus,chronological,conical,40,218557.91570704352,0.0,2.1818451065863416,23337.333167457462,0.0
5bus,chronological,conical,80,205540.27016150442,0.0,1.9637207941776968,14247.982535957275,0.0
5bus,convex_hull,dirac,10,205164.7512224142,0.0,1.0,20012.062190422228,0.0
5bus,convex_hull,dirac,20,199987.6848500985,0.0,1.0,20036.345545284275,0.0
5bus,convex_hull,dirac,40,202386.23394641923,0.0,1.0,20050.589182934847,0.0
5bus,convex_hull,dirac,80,196039.7219491934,0.0,1.0,14962.287312696539,0.0
5bus,convex_hull,convex,10,204426.48856153272,0.0,1.0000000000000002,20080.932717741536,0.0
5bus,convex_hull,convex,20,198936.09446383754,0.0,1.0000000000000002,20049.866925103543,0.0
5bus,convex_hull,convex,40,201966.9210138024,0.0,1.0000000000000002,20036.35940015496,0.0
5bus,convex_hull,convex,80,196137.43767557747,0.0,1.0000000000000002,14941.028425593855,0.0
5bus,convex_hull,conical_bounded,10,200251.8639502299,0.0,1.0,20349.220222903885,0.0
5bus,convex_hull,conical_bounded,20,197525.24189539053,0.0,1.0000000000000002,20153.77924613791,0.0
5bus,convex_hull,conical_bounded,40,198950.72398665044,0.0,1.0000000000000004,20150.96360816144,0.0
5bus,convex_hull,conical_bounded,80,194156.14225224897,0.0,1.0000000000000002,15190.557897327428,0.0
5bus,convex_hull,conical,10,202572.85162857064,0.0,1.6903727573851501,20522.31637542668,0.0
5bus,convex_hull,conical,20,196654.90592091036,0.0,1.863790665931684,20128.421747411012,0.0
5bus,convex_hull,conical,40,198373.73361531412,0.0,1.7650640480412385,20089.009850341594,0.0
5bus,convex_hull,conical,80,194793.5592665621,0.0,1.7293596730500327,14961.940461266266,0.0
5bus,convex_hull_with_null,dirac,10,188329.39489083033,0.0,1.0,36851.45090901974,0.0
5bus,convex_hull_with_null,dirac,20,165932.89148370718,0.0,1.0,42133.94136189878,0.0
5bus,convex_hull_with_null,dirac,40,170134.8505502492,0.0,1.0,42765.8444181076,0.0
5bus,convex_hull_with_null,dirac,80,197628.9579514048,0.0,1.0,14942.98542662662,0.0
5bus,convex_hull_with_null,convex,10,199684.25017629465,0.0,1.0000000000000002,33249.533928819146,0.0
5bus,convex_hull_with_null,convex,20,175454.77673547107,0.0,1.0000000000000002,37833.21077774351,0.0
5bus,convex_hull_with_null,convex,40,175902.13096891262,0.0,1.0000000000000002,39307.10724607065,0.0
5bus,convex_hull_with_null,convex,80,196000.7195489011,0.0,1.0000000000000002,14946.655868052407,0.0
5bus,convex_hull_with_null,conical_bounded,10,165822.4637508154,0.0,1.0,49979.82309786137,0.0
5bus,convex_hull_with_null,conical_bounded,20,167788.24080631204,0.0,1.0000000000000002,42026.28196811497,0.0
5bus,convex_hull_with_null,conical_bounded,40,168058.143930343,0.0,1.0000000000000004,42609.84542176966,0.0
5bus,convex_hull_with_null,conical_bounded,80,191177.13837180735,0.0,1.0000000000000002,15555.853131626523,0.0
5bus,convex_hull_with_null,conical,10,170142.0664015603,0.0,1.4387194949848794,45988.66069437749,0.0
5bus,convex_hull_with_null,conical,20,171461.0831015639,0.0,1.576686037640659,40081.531579212104,0.0
5bus,convex_hull_with_null,conical,40,172496.5018944291,0.0,1.6303511607166736,39684.57497017337,0.0
5bus,convex_hull_with_null,conical,80,193598.8163887546,0.0,1.7259363686370073,15130.712227212123,0.0
5bus,conical_hull,dirac,10,191273.24180177413,0.0,1.0,20552.747381860765,0.0
5bus,conical_hull,dirac,20,186039.59144526414,0.0,1.0,15685.455152771896,0.0
5bus,conical_hull,dirac,40,189342.64409598903,0.0,1.0,15349.76096283756,0.0
5bus,conical_hull,dirac,80,186358.06219552102,0.0,1.0,15496.122336105593,0.0
5bus,conical_hull,convex,10,190897.46742118686,0.0,1.0000000000000002,20445.34605666404,0.0
5bus,conical_hull,convex,20,187674.93177065745,0.0,1.0000000000000002,15511.668419738877,0.0
5bus,conical_hull,convex,40,189246.0553534482,0.0,1.0000000000000002,15324.53208946667,0.0
5bus,conical_hull,convex,80,186618.57576107688,0.0,1.0000000000000004,15366.895657262463,0.0
5bus,conical_hull,conical_bounded,10,190897.46742118686,0.0,1.0,20447.413268989392,0.0
5bus,conical_hull,conical_bounded,20,187483.07666335403,0.0,1.0000000000000002,15521.714346087154,0.0
5bus,conical_hull,conical_bounded,40,189272.91699861406,0.0,1.0000000000000002,15342.606486666922,0.0
5bus,conical_hull,conical_bounded,80,186150.64710990342,0.0,1.0000000000000002,15390.151932056086,0.0
5bus,conical_hull,conical,10,233989.72566728372,0.0,3.853930341379184,19004.749534635564,0.0
5bus,conical_hull,conical,20,216406.8221966125,0.0,3.4161488040284724,13612.172402465465,0.0
5bus,conical_hull,conical,40,215819.360803123,0.0,3.072590539307657,13612.52504933791,0.0
5bus,conical_hull,conical,80,211877.34029816795,0.0,2.703310869854445,13634.025099255497,0.0
p2x,conical_hull,convex,10,4.979902562313035e7,1931.4932802188036,1.0000000000000002,2.732878405015292e7,19314.93280218805
p2x,conical_hull,convex,20,4.839354120182167e7,2402.5759999423763,1.0000000000000002,2.7032266333748408e7,24025.75999942376
p2x,conical_hull,convex,40,4.3141319112382345e7,1203.871999921946,1.0000000000000002,2.6737728362066146e7,12038.719999219447
p2x,conical_hull,convex,80,5.864998023068942e7,1543.2800000057546,1.0000000000000004,2.6835285702277556e7,15432.800000057547
p2x,k_means,dirac,10,4.9143907148638524e7,52672.46937492692,1.0,2.750070969852214e7,526724.6937492692
p2x,k_means,dirac,20,4.1121069466181666e7,71673.65948936838,1.0,2.7334116974926393e7,716736.5948936837
p2x,k_means,dirac,40,4.290214252832337e7,22721.641523289596,1.0,2.7128562213634364e7,227216.4152328957
p2x,k_means,dirac,80,6.405378216841991e7,10466.63530234028,1.0,2.723153104686929e7,104666.35302340283
p2x,k_medoids,dirac,10,4.478737854218003e7,62671.5551169291,1.0,2.7704867661534242e7,626715.5511692913
p2x,k_medoids,dirac,20,4.058250873427793e7,77147.68979592997,1.0,2.7495606547182143e7,771476.8979592995
p2x,k_medoids,dirac,40,5.206700935494025e7,32192.878402229857,1.0,2.7444507002260316e7,321928.7840222985
p2x,k_medoids,dirac,80,5.962229178381252e7,29903.81026699969,1.0,2.7289760124871455e7,299038.1026699967
118bus,conical_hull,convex,10,0.0,0.0,1.0000000000000002,2.455490828220512e6,0.0
118bus,conical_hull,convex,20,0.0,0.0,1.0000000000000002,2.4588543840908753e6,0.0
118bus,conical_hull,convex,40,0.0,0.0,1.0000000000000002,2.4541318302637096e6,0.0
118bus,conical_hull,convex,80,0.0,0.0,1.0000000000000002,2.449036332389628e6,0.0
118bus,k_means,dirac,10,0.0,0.0,1.0,2.4601297960795886e6,0.0
118bus,k_means,dirac,20,0.0,0.0,1.0,2.456831957147154e6,0.0
118bus,k_means,dirac,40,0.0,0.0,1.0,2.454535977564073e6,0.0
118bus,k_means,dirac,80,0.0,0.0,1.0,2.4502467304015355e6,0.0
118bus,k_medoids,dirac,10,0.0,0.0,1.0,2.4746262936635623e6,0.0
118bus,k_medoids,dirac,20,0.0,0.0,1.0,2.4661909742446244e6,0.0
118bus,k_medoids,dirac,40,0.0,0.0,1.0,2.4623013970364705e6,0.0
118bus,k_medoids,dirac,80,0.0,0.0,1.0,2.458070662266484e6,0.0
