clustering_type,weight_type,arm,n_rep_periods,n_seeds,regret_mean_pct,regret_sd_pct,mismatch_mean_pct,mismatch_sd_pct,time_mean_s,time_sd_s,iters_mean,iters_sd
convex_hull,convex,proposed,10,5,0.9302557892290286,0.0,1.2694432787386114,0.0,0.1219690248,0.07584693787941134,62302.0,0.0
convex_hull,convex,proposed,20,5,0.3404524118866936,0.0,0.7493339621869686,0.0,0.4070644498,0.09483342286735312,241426.0,0.0
convex_hull,convex,proposed,40,5,0.22336954221917615,0.0,0.042573995565155905,0.0,3.1900695334,0.44314586833315,1.561538e6,0.0
convex_hull,convex,proposed,80,5,-6.1173288656846125e-12,0.0,0.09572926213946069,0.0,18.124460499999998,0.45822141927702137,2.921988e6,0.0
convex_hull,convex,no_cache,10,5,0.9302557892290286,0.0,1.2694432787386114,0.0,0.9838853661999998,1.8881386729947183,62302.0,0.0
convex_hull,convex,no_cache,20,5,0.3404524118866936,0.0,0.7493339621869686,0.0,1.0280075918,0.11979493949519467,241426.0,0.0
convex_hull,convex,no_cache,40,5,0.22336954221917615,0.0,0.042573995565155905,0.0,15.2566321082,0.549481645694485,1.561538e6,0.0
convex_hull,convex,no_cache,80,5,-6.1173288656846125e-12,0.0,0.09572926213946069,0.0,398.1321157248,411.35401501509807,2.921988e6,0.0
convex_hull,convex,gram_only,10,5,0.9302087212348598,0.0,1.2694785464991358,0.0,0.8094817668000001,0.03186748015701281,2.578014e6,0.0
convex_hull,convex,gram_only,20,5,0.48073948047304693,0.0,1.7373302178604217,0.0,4.906949899999999,0.24438813507215462,9.349876e6,0.0
convex_hull,convex,gram_only,40,5,0.8086583431501149,0.0,0.6047079195195452,0.0,8.756691291600001,0.23689031119352233,7.923819e6,0.0
convex_hull,convex,gram_only,80,5,5.1736392947532295e-12,0.0,1.4017226606061028,0.0,21.5271121168,1.9945587287337776,4.0e6,0.0
convex_hull,convex,plain,10,5,0.9302087212475163,0.0,1.2694785464863596,0.0,2.0349142246,0.1691262456615037,2.578014e6,0.0
convex_hull,convex,plain,20,5,0.48073948047513415,0.0,1.7373302178894732,2.482534153247273e-16,11.3963710416,0.8182454522105631,9.349876e6,0.0
convex_hull,convex,plain,40,5,0.8086583431422323,0.0,0.6047079195117955,0.0,17.854292042,0.9624002302972436,7.923819e6,0.0
convex_hull,convex,plain,80,5,-5.972999872483342e-12,0.0,1.401722660616835,0.0,27.6724650914,0.7277819774498101,4.0e6,0.0
convex_hull,conical,proposed,10,5,0.9929940843692808,0.0,1.0014872414901326,0.0,0.08896072499999999,0.019740422170507435,63252.0,0.0
convex_hull,conical,proposed,20,5,0.24246938652274785,0.0,0.5433952439219898,0.0,0.4129528252,0.08578547643759528,247414.0,0.0
convex_hull,conical,proposed,40,5,0.14173521388243238,0.0,0.11320849918522,1.5515838457795457e-17,2.688943442,0.21028170428338505,1.605293e6,0.0
convex_hull,conical,proposed,80,5,-3.1530333899354446e-12,0.0,0.5218095871469304,0.0,15.729964600399999,0.3324855732621422,2.916224e6,0.0
convex_hull,conical,no_cache,10,5,0.9929940843692808,0.0,1.0014872414901326,0.0,0.1260551332,0.05072011075238723,63252.0,0.0
convex_hull,conical,no_cache,20,5,0.24246938652274785,0.0,0.5433952439219898,0.0,0.9462062168,0.09325998786571045,247414.0,0.0
convex_hull,conical,no_cache,40,5,0.14173521388243238,0.0,0.11320849918522,1.5515838457795457e-17,14.342491358,0.4428561585346249,1.605293e6,0.0
convex_hull,conical,no_cache,80,5,-3.1530333899354446e-12,0.0,0.5218095871469304,0.0,208.06081983320001,8.23998806685446,2.916224e6,0.0
convex_hull,conical,gram_only,10,5,0.9929859664097318,0.0,1.0016054989820198,0.0,0.5631733836,0.11149247945995827,2.76639e6,0.0
convex_hull,conical,gram_only,20,5,0.3445589429606155,0.0,1.0664701960118483,0.0,2.1494670832000002,0.045632528269560844,9.379305e6,0.0
convex_hull,conical,gram_only,40,5,0.09306116483320803,0.0,1.7381334671412758,2.482534153247273e-16,6.670906341199999,1.828694147625474,8.0e6,0.0
convex_hull,conical,gram_only,80,5,-4.662936703425657e-13,0.0,3.548256646388159,0.0,16.548100033599997,0.1409046781428065,4.0e6,0.0
convex_hull,conical,plain,10,5,0.992985966407578,0.0,1.0016054989836798,0.0,1.6429906500000002,0.07407708886040747,2.76639e6,0.0
convex_hull,conical,plain,20,5,0.34455894295915,0.0,1.0664701959688812,0.0,8.9328499,0.7426942300757146,9.379305e6,0.0
convex_hull,conical,plain,40,5,0.09306116483815963,0.0,1.7381334671610822,0.0,14.834564675600001,0.7641190011745616,8.0e6,0.0
convex_hull,conical,plain,80,5,-4.3298697960381105e-13,0.0,3.5482566463755854,0.0,23.698660825599998,0.5685397499807614,4.0e6,0.0
conical_hull,convex,proposed,10,5,0.6528841896221271,0.0,11.107855176116553,0.0,0.0576491914,0.012184106529456123,42163.0,0.0
conical_hull,convex,proposed,20,5,0.8502692184698901,0.0,0.27240836901851945,0.0,0.4430175914,0.09226983061377485,348601.0,0.0
conical_hull,convex,proposed,40,5,0.28546909462925374,0.0,0.038406731372477076,0.0,1.6254623748,0.10554926281801046,1.329929e6,0.0
conical_hull,convex,proposed,80,5,-3.530509218307998e-12,0.0,0.19068568587394655,0.0,4.763658250200001,0.2024148485518316,1.730252e6,0.0
conical_hull,convex,no_cache,10,5,0.5231864357237104,0.0,10.65098384225797,0.0,0.0574359496,0.0026859981868722106,52304.0,0.0
conical_hull,convex,no_cache,20,5,0.2781719617665157,0.0,0.9095481050956872,0.0,0.33319584999999996,0.10728211964475566,215033.0,0.0
conical_hull,convex,no_cache,40,5,0.33313087225936844,0.0,0.023827475854142913,0.0,1.7348031998,0.12894853579217744,1.232239e6,0.0
conical_hull,convex,no_cache,80,5,5.395683899678261e-12,0.0,0.12432384837876671,1.5515838457795457e-17,6.4349449252,0.03461868277761634,2.227563e6,0.0
conical_hull,convex,gram_only,10,5,0.651763139892636,0.0,11.111452687623014,0.0,0.5316791251999999,0.10262734417948398,1.410415e6,0.0
conical_hull,convex,gram_only,20,5,0.6853048551399787,0.0,1.4376833150572803,0.0,4.0030720416,0.0848344758446001,7.944843e6,0.0
conical_hull,convex,gram_only,40,5,1.2071326199598165,0.0,1.2567948477349051,0.0,7.050418066000001,0.19481663084704096,7.491933e6,0.0
conical_hull,convex,gram_only,80,5,-4.884981308350689e-13,0.0,1.0677256128109989,0.0,13.3721605914,8.446919893876368,4.0e6,0.0
conical_hull,convex,plain,10,5,0.651763139893724,0.0,11.111452687622073,0.0,1.1691545334,0.09414033082904899,1.410415e6,0.0
conical_hull,convex,plain,20,5,0.6853048551485053,0.0,1.437683315120593,0.0,9.6289718252,0.6291248475324956,7.944843e6,0.0
conical_hull,convex,plain,40,5,1.2072718953202832,0.0,1.2566555042908834,0.0,15.6256985826,0.792919874383463,7.491933e6,0.0
conical_hull,convex,plain,80,5,-4.3298697960381105e-13,0.0,1.067725612800908,0.0,16.5881319498,0.5189279693056378,4.0e6,0.0
conical_hull,conical,proposed,10,5,0.7823359249855333,0.0,9.761097971866036,0.0,0.05336562500000001,0.016598896368913325,44759.0,0.0
conical_hull,conical,proposed,20,5,0.5974360803233214,0.0,0.13501206449366177,0.0,0.290834,0.11000097139220542,357754.0,0.0
conical_hull,conical,proposed,40,5,0.18677860874467545,0.0,0.1380492748250108,0.0,1.2675367248,0.10982520894461963,1.358769e6,0.0
conical_hull,conical,proposed,80,5,-6.228351168147128e-12,0.0,0.6451542255884668,0.0,3.1600776424,0.12118272194388223,1.811264e6,0.0
conical_hull,conical,no_cache,10,5,0.6274510550912105,0.0,9.500675559731203,0.0,0.0542162586,0.00611196302231466,52188.0,0.0
conical_hull,conical,no_cache,20,5,0.21582123202914527,0.0,0.7254575598979837,0.0,0.2429342746,0.08200199645129283,221465.0,0.0
conical_hull,conical,no_cache,40,5,0.29377280269322625,0.0,0.13954770081948475,0.0,1.1992460668000002,0.12868283300576153,1.264423e6,0.0
conical_hull,conical,no_cache,80,5,-1.4088730182493236e-11,0.0,0.5921388460916933,0.0,4.8858010082,0.09154048030838507,2.284701e6,0.0
conical_hull,conical,gram_only,10,5,0.7800166926962504,0.0,9.761294920247119,0.0,0.2999072922,0.09016786173674196,1.463722e6,0.0
conical_hull,conical,gram_only,20,5,0.5132837784712629,0.0,0.11319181585055038,0.0,1.8459958835999999,0.1010567502116816,7.968562e6,0.0
conical_hull,conical,gram_only,40,5,0.26881606972379846,0.0,3.1725665525293034,0.0,3.9461823752000003,0.05991399265489171,7.507631e6,0.0
conical_hull,conical,gram_only,80,5,-3.552713678800501e-13,0.0,3.3646037887022606,0.0,5.650005941799999,0.060810756472444424,4.0e6,0.0
conical_hull,conical,plain,10,5,0.7800166927111052,0.0,9.76129492024502,0.0,0.9846506416,0.16876213061625678,1.463722e6,0.0
conical_hull,conical,plain,20,5,0.5132837784258992,0.0,0.11319181581475901,0.0,7.505848449999999,0.4495269181594603,7.968562e6,0.0
conical_hull,conical,plain,40,5,0.26881606973470085,0.0,3.1725665524979436,0.0,13.0499867252,0.6502271942119117,7.507631e6,0.0
conical_hull,conical,plain,80,5,-3.2862601528904634e-12,0.0,3.36460378872986,0.0,12.865248708600001,0.45682942010107147,4.0e6,0.0
