case_study,clustering_type,weight_type,n_rep_periods,stage,time_mean_s,time_sd_s,method_label
gep,k_means,dirac,10,read_preprocess,0.0052742916,0.0003888696965068119,
gep,k_means,dirac,10,cluster,0.18899270819999997,0.0236086867433271,
gep,k_means,dirac,10,fit_weights,1.7914e-6,1.5588072363188459e-7,
gep,k_means,dirac,10,formulate_model,0.5000317498,0.05640626759941837,
gep,k_means,dirac,10,solve,1.4734460586,0.04658660003041533,
gep,k_means,dirac,20,read_preprocess,0.0052337752000000005,6.127933017910685e-5,
gep,k_means,dirac,20,cluster,0.27551293359999995,0.2025661678565067,
gep,k_means,dirac,20,fit_weights,1.1834e-6,5.257972993464306e-7,
gep,k_means,dirac,20,formulate_model,0.572358125,0.03729958065711458,
gep,k_means,dirac,20,solve,5.1188812166,0.753607795192516,
gep,k_means,dirac,40,read_preprocess,0.0054100834,0.0001655524425561279,
gep,k_means,dirac,40,cluster,0.1735078498,0.031717195587353975,
gep,k_means,dirac,40,fit_weights,1.0084e-6,2.8625740165103155e-7,
gep,k_means,dirac,40,formulate_model,1.0541341998,0.25892153447778277,
gep,k_means,dirac,40,solve,11.4220076418,1.8790030113524194,
gep,k_means,dirac,80,read_preprocess,0.0053532082,0.00016196824547330265,
gep,k_means,dirac,80,cluster,0.28872204160000003,0.2024948234272851,
gep,k_means,dirac,80,fit_weights,1.4334e-6,4.6260598785575615e-7,
gep,k_means,dirac,80,formulate_model,1.7381540000000002,0.31008551811938007,
gep,k_means,dirac,80,solve,30.421667125,3.9965439670517444,
gep,k_means,convex,10,read_preprocess,0.005219741599999999,4.259486690083656e-5,
gep,k_means,convex,10,cluster,0.1855063836,0.04900716778648772,
gep,k_means,convex,10,fit_weights,0.1664259334,0.194384341684068,
gep,k_means,convex,10,formulate_model,0.4521341916,0.02886615092673227,
gep,k_means,convex,10,solve,1.6366530583999999,0.1357118254312606,
gep,k_means,convex,20,read_preprocess,0.005291875,0.00013624294846706735,
gep,k_means,convex,20,cluster,0.1827633164,0.05321119991797964,
gep,k_means,convex,20,fit_weights,0.45468694200000004,0.29441910817174005,
gep,k_means,convex,20,formulate_model,0.6056184582,0.07584588415140275,
gep,k_means,convex,20,solve,11.421050258600001,2.0998812380418532,
gep,k_means,convex,40,read_preprocess,0.005437908399999999,0.0004549627798285261,
gep,k_means,convex,40,cluster,0.18562934180000001,0.05877798198224273,
gep,k_means,convex,40,fit_weights,0.8396857836,0.3410399761369962,
gep,k_means,convex,40,formulate_model,0.9149990252,0.040686706688741234,
gep,k_means,convex,40,solve,25.3776378334,8.55482402508487,
gep,k_means,convex,80,read_preprocess,0.0052894082,0.00012337258290519824,
gep,k_means,convex,80,cluster,0.20497908339999998,0.03941950027694538,
gep,k_means,convex,80,fit_weights,1.7066776918,0.0756271880448171,
gep,k_means,convex,80,formulate_model,1.5971701418,0.03375428796566882,
gep,k_means,convex,80,solve,107.05266018339998,15.021217165843929,
gep,hierarchical,dirac,10,read_preprocess,0.005236408400000001,0.00011143981242491387,
gep,hierarchical,dirac,10,cluster,0.29214375000000004,0.1819262814811801,
gep,hierarchical,dirac,10,fit_weights,1.6914e-6,4.325907997172385e-7,
gep,hierarchical,dirac,10,formulate_model,0.46507162520000006,0.04686260770977142,
gep,hierarchical,dirac,10,solve,1.5296831332,0.11719590350077043,
gep,hierarchical,dirac,20,read_preprocess,0.005232333399999999,3.2979690406369625e-5,
gep,hierarchical,dirac,20,cluster,0.3858226832,0.21460217502337364,
gep,hierarchical,dirac,20,fit_weights,1.4663999999999998e-6,3.785647896992006e-7,
gep,hierarchical,dirac,20,formulate_model,0.5936334584,0.038861646402597184,
gep,hierarchical,dirac,20,solve,5.2234574084,0.16381917372448598,
gep,hierarchical,dirac,40,read_preprocess,0.0051981252,2.66527377711935e-5,
gep,hierarchical,dirac,40,cluster,0.1829058914,0.04348341905551077,
gep,hierarchical,dirac,40,fit_weights,1.3748000000000002e-6,3.461093757759243e-7,
gep,hierarchical,dirac,40,formulate_model,0.8953981168,0.026310236596999683,
gep,hierarchical,dirac,40,solve,12.772804742,0.08201420344603777,
gep,hierarchical,dirac,80,read_preprocess,0.0052593582,0.00014798662688804006,
gep,hierarchical,dirac,80,cluster,0.1746992584,0.015186416816156938,
gep,hierarchical,dirac,80,fit_weights,1.6918e-6,2.9559042609665157e-7,
gep,hierarchical,dirac,80,formulate_model,1.7346114918000002,0.23934530661435313,
gep,hierarchical,dirac,80,solve,47.815179,0.38878939381002475,
gep,hierarchical,convex,10,read_preprocess,0.0051925332,2.125067427636121e-5,
gep,hierarchical,convex,10,cluster,0.18697258340000003,0.06903697885294252,
gep,hierarchical,convex,10,fit_weights,0.08108254179999999,0.05692235766135343,
gep,hierarchical,convex,10,formulate_model,0.5852259836,0.20938521735714338,
gep,hierarchical,convex,10,solve,1.7877694918,0.04080760527479245,
gep,hierarchical,convex,20,read_preprocess,0.0051722084,4.6933851576447494e-5,
gep,hierarchical,convex,20,cluster,0.24718252520000003,0.21383583678013418,
gep,hierarchical,convex,20,fit_weights,0.7155163754,0.19984435440857556,
gep,hierarchical,convex,20,formulate_model,0.6440340748,0.06819688613608045,
gep,hierarchical,convex,20,solve,13.17579925,0.31215476076655224,
gep,hierarchical,convex,40,read_preprocess,0.0052517252,8.862802603409347e-5,
gep,hierarchical,convex,40,cluster,0.1993440084,0.04345164326009574,
gep,hierarchical,convex,40,fit_weights,0.49615095,0.01877351963648719,
gep,hierarchical,convex,40,formulate_model,0.9678376164,0.04366351323332421,
gep,hierarchical,convex,40,solve,24.3515744418,0.38057522335672234,
gep,hierarchical,convex,80,read_preprocess,0.0052385748000000005,6.733694536582406e-5,
gep,hierarchical,convex,80,cluster,0.19336045,0.00860970334061494,
gep,hierarchical,convex,80,fit_weights,1.39465335,0.02665010148675366,
gep,hierarchical,convex,80,formulate_model,1.6857474752000001,0.09380125083673764,
gep,hierarchical,convex,80,solve,119.15045486660001,0.5200727566868193,
gep,chronological,dirac,10,read_preprocess,0.005238108399999999,3.42378504845149e-5,
gep,chronological,dirac,10,cluster,0.2419445252,0.20530390030190226,
gep,chronological,dirac,10,fit_weights,1.558e-6,3.5806214544405556e-7,
gep,chronological,dirac,10,formulate_model,0.44609945,0.00475042226873042,
gep,chronological,dirac,10,solve,1.1159614666000002,0.20808842065326927,
gep,chronological,dirac,20,read_preprocess,0.005284824799999999,0.00014581241855788566,
gep,chronological,dirac,20,cluster,0.5204206748000001,0.20510132567021405,
gep,chronological,dirac,20,fit_weights,1.2751999999999999e-6,3.6052836226849065e-7,
gep,chronological,dirac,20,formulate_model,0.7125458334,0.11923228148545945,
gep,chronological,dirac,20,solve,2.624783058,0.023346389686959852,
gep,chronological,dirac,40,read_preprocess,0.0052751416,0.00022079683112490538,
gep,chronological,dirac,40,cluster,0.183225425,0.04039421275492389,
gep,chronological,dirac,40,fit_weights,1.4749999999999999e-6,6.071507226381272e-7,
gep,chronological,dirac,40,formulate_model,1.0204255668,0.3155639905269915,
gep,chronological,dirac,40,solve,6.3956803747999995,0.12235173298797639,
gep,chronological,dirac,80,read_preprocess,0.0052134916,3.7190316263780194e-5,
gep,chronological,dirac,80,cluster,0.2645720918,0.21980307226085177,
gep,chronological,dirac,80,fit_weights,1.5832e-6,3.4720123847705386e-7,
gep,chronological,dirac,80,formulate_model,1.7751677334,0.2389905077786894,
gep,chronological,dirac,80,solve,12.2288305748,0.10175992505045571,
gep,chronological,convex,10,read_preprocess,0.0052461828000000005,2.00671864918829e-5,
gep,chronological,convex,10,cluster,0.1786650502,0.056132662083278675,
gep,chronological,convex,10,fit_weights,0.1694283914,0.19611190035127488,
gep,chronological,convex,10,formulate_model,0.5405398168,0.20882084760048295,
gep,chronological,convex,10,solve,1.6394378670000003,0.04202356107371288,
gep,chronological,convex,20,read_preprocess,0.0053403834,0.00021778264205234556,
gep,chronological,convex,20,cluster,0.1535243164,0.003091182913924096,
gep,chronological,convex,20,fit_weights,0.3451059248,0.2744635107545659,
gep,chronological,convex,20,formulate_model,0.7253541165999999,0.18518020035667326,
gep,chronological,convex,20,solve,16.981199150000002,0.08474428628951414,
gep,chronological,convex,40,read_preprocess,0.0052836998000000005,0.00011560490271048209,
gep,chronological,convex,40,cluster,0.1765749416,0.057245500681389234,
gep,chronological,convex,40,fit_weights,0.6296408081999999,0.2774990073308395,
gep,chronological,convex,40,formulate_model,0.9659373666000001,0.03463534665490598,
gep,chronological,convex,40,solve,27.1442920834,0.38868981584392165,
gep,chronological,convex,80,read_preprocess,0.0052340248,3.549565122236815e-5,
gep,chronological,convex,80,cluster,0.3621182918,0.27097273392531207,
gep,chronological,convex,80,fit_weights,1.4381672582,0.030100731216622437,
gep,chronological,convex,80,formulate_model,1.6430605749999998,0.03778800751278023,
gep,chronological,convex,80,solve,109.34310801659998,0.5049576862716427,
gep,convex_hull,dirac,10,read_preprocess,0.005260583399999999,0.00013636905501909167,
gep,convex_hull,dirac,10,cluster,0.8239361082000002,0.2704326545881138,
gep,convex_hull,dirac,10,fit_weights,1.0502e-6,1.0796156723575295e-7,
gep,convex_hull,dirac,10,formulate_model,0.45180231639999996,0.08584296428739192,
gep,convex_hull,dirac,10,solve,1.6161895164,0.08296214354668148,
gep,convex_hull,dirac,20,read_preprocess,0.0052248582,2.6741145370010104e-5,
gep,convex_hull,dirac,20,cluster,0.98270365,0.23670339129047285,
gep,convex_hull,dirac,20,fit_weights,1.1751999999999998e-6,1.3290109104142078e-7,
gep,convex_hull,dirac,20,formulate_model,0.5860035997999999,0.030433039695255487,
gep,convex_hull,dirac,20,solve,6.24108495,0.04052017723337272,
gep,convex_hull,dirac,40,read_preprocess,0.0052502166,7.490470312537105e-5,
gep,convex_hull,dirac,40,cluster,2.4418727000000002,0.17176621712341553,
gep,convex_hull,dirac,40,fit_weights,1.8334e-6,1.3509367120631523e-7,
gep,convex_hull,dirac,40,formulate_model,0.8652055086000001,0.024592015072429498,
gep,convex_hull,dirac,40,solve,17.1167669252,0.24867548940572676,
gep,convex_hull,dirac,80,read_preprocess,0.005226649999999999,5.233913038540089e-5,
gep,convex_hull,dirac,80,cluster,7.7746998998,0.27387255365031277,
gep,convex_hull,dirac,80,fit_weights,1.1083999999999998e-6,2.7410727826892887e-7,
gep,convex_hull,dirac,80,formulate_model,1.5699139420000001,0.11083590194938799,
gep,convex_hull,dirac,80,solve,41.457993,0.2530885176795571,
gep,convex_hull,convex,10,read_preprocess,0.0052670336,0.000147296312534632,
gep,convex_hull,convex,10,cluster,0.6661983998000001,0.28728133817283413,
gep,convex_hull,convex,10,fit_weights,0.0901687836,0.07799239629956363,
gep,convex_hull,convex,10,formulate_model,0.5144085668,0.08438815275367449,
gep,convex_hull,convex,10,solve,1.4679124916,0.015351622971047274,
gep,convex_hull,convex,20,read_preprocess,0.0052399248,4.666542443501384e-5,
gep,convex_hull,convex,20,cluster,1.1018516746000002,0.3561285775122005,
gep,convex_hull,convex,20,fit_weights,0.1378603666,0.014065414974083994,
gep,convex_hull,convex,20,formulate_model,0.6574651582,0.02483172335657842,
gep,convex_hull,convex,20,solve,12.007161125,0.17029462652707822,
gep,convex_hull,convex,40,read_preprocess,0.0053541833999999995,0.00015390014318966702,
gep,convex_hull,convex,40,cluster,2.4793137084,0.16851284142014417,
gep,convex_hull,convex,40,fit_weights,0.4035356918,0.04095355155133152,
gep,convex_hull,convex,40,formulate_model,0.9363460752,0.018309836932423718,
gep,convex_hull,convex,40,solve,20.8212446248,0.1864618689206983,
gep,convex_hull,convex,80,read_preprocess,0.0052560918,7.352180849040638e-5,
gep,convex_hull,convex,80,cluster,7.890697099800001,0.3928226536420673,
gep,convex_hull,convex,80,fit_weights,1.241024508,0.11424669997927986,
gep,convex_hull,convex,80,formulate_model,1.656680125,0.11344152623125746,
gep,convex_hull,convex,80,solve,74.843888875,0.2965416075606675,
gep,,,1,solve,72.4177498,0.6098334493856552,full_reference
5bus,k_means,dirac,10,read_preprocess,0.0035541998,3.3333753789514905e-5,
5bus,k_means,dirac,10,cluster,0.0415073166,0.053630653590588065,
5bus,k_means,dirac,10,fit_weights,8.416e-7,1.07922657491372e-7,
5bus,k_means,dirac,10,formulate_model,0.0632343334,0.0005528466685974506,
5bus,k_means,dirac,10,solve,0.0625478996,0.004395108890319018,
5bus,k_means,dirac,20,read_preprocess,0.0043433582,0.0017545698915048097,
5bus,k_means,dirac,20,cluster,0.028464208600000002,0.022567060851503885,
5bus,k_means,dirac,20,fit_weights,1.2420000000000001e-6,3.6128658984246843e-7,
5bus,k_means,dirac,20,formulate_model,0.083424575,0.0007674097079715668,
5bus,k_means,dirac,20,solve,0.1398056002,0.0248385753818784,
5bus,k_means,dirac,40,read_preprocess,0.0035274834,9.807521516315932e-5,
5bus,k_means,dirac,40,cluster,0.0185646168,0.0004141023597327126,
5bus,k_means,dirac,40,fit_weights,1.0581999999999999e-6,5.260030418162997e-7,
5bus,k_means,dirac,40,formulate_model,0.1642121668,0.024389241982590768,
5bus,k_means,dirac,40,solve,0.24646275,0.008836544534945973,
5bus,k_means,dirac,80,read_preprocess,0.0038075914,0.0001452202023559395,
5bus,k_means,dirac,80,cluster,0.019698475,0.00016040389083342102,
5bus,k_means,dirac,80,fit_weights,1.0334e-6,3.8919635147313494e-7,
5bus,k_means,dirac,80,formulate_model,0.25478343299999995,0.0014308186085949144,
5bus,k_means,dirac,80,solve,0.4369889079999999,0.04721368853056495,
5bus,k_means,convex,10,read_preprocess,0.0035968584,2.9066413345990972e-5,
5bus,k_means,convex,10,cluster,0.0176689332,0.00017954966957975746,
5bus,k_means,convex,10,fit_weights,0.0503461418,0.03641716926023329,
5bus,k_means,convex,10,formulate_model,0.06475643319999999,0.0006436372023552552,
5bus,k_means,convex,10,solve,0.0662349914,0.007258194014488713,
5bus,k_means,convex,20,read_preprocess,0.0035512586,0.00014879782518336767,
5bus,k_means,convex,20,cluster,0.018244083,0.00033010383376977023,
5bus,k_means,convex,20,fit_weights,0.23427065019999999,0.12038253032027187,
5bus,k_means,convex,20,formulate_model,0.1300654248,0.1011408423586116,
5bus,k_means,convex,20,solve,0.16826677480000002,0.10172811710032748,
5bus,k_means,convex,40,read_preprocess,0.0037213166,7.1968687714172e-5,
5bus,k_means,convex,40,cluster,0.0192155834,0.00021286706428144274,
5bus,k_means,convex,40,fit_weights,0.5407951166,0.13837564151655427,
5bus,k_means,convex,40,formulate_model,0.1204529584,0.004979430937760945,
5bus,k_means,convex,40,solve,0.2741204246,0.013199084884853851,
5bus,k_means,convex,80,read_preprocess,0.0037265083999999996,1.946954973285214e-5,
5bus,k_means,convex,80,cluster,0.0196479416,0.00024654814366224743,
5bus,k_means,convex,80,fit_weights,1.5161398836,0.16108405789329766,
5bus,k_means,convex,80,formulate_model,0.2008544418,0.005610024529513364,
5bus,k_means,convex,80,solve,0.6407537668,0.04787497088825547,
5bus,hierarchical,dirac,10,read_preprocess,0.0035151998000000004,6.494598110121985e-5,
5bus,hierarchical,dirac,10,cluster,0.0182392668,0.000566332275757086,
5bus,hierarchical,dirac,10,fit_weights,1.4331999999999999e-6,4.882992934666198e-7,
5bus,hierarchical,dirac,10,formulate_model,0.0894959084,0.02586640940979423,
5bus,hierarchical,dirac,10,solve,0.0586761748,0.0004883650495077441,
5bus,hierarchical,dirac,20,read_preprocess,0.0035657248000000004,0.00013884795339219093,
5bus,hierarchical,dirac,20,cluster,0.0179185246,0.0003019098639243172,
5bus,hierarchical,dirac,20,fit_weights,1.1416e-6,5.202857868518032e-7,
5bus,hierarchical,dirac,20,formulate_model,0.1049507248,0.004665577448677245,
5bus,hierarchical,dirac,20,solve,0.1359694502,0.004231286737766497,
5bus,hierarchical,dirac,40,read_preprocess,0.0037224085999999997,2.857231490971626e-5,
5bus,hierarchical,dirac,40,cluster,0.018964767,0.00033289979396133575,
5bus,hierarchical,dirac,40,fit_weights,1.2663999999999999e-6,6.538859227724665e-7,
5bus,hierarchical,dirac,40,formulate_model,0.1681104082,0.028880091969351575,
5bus,hierarchical,dirac,40,solve,0.24402785000000002,0.042878293165267735,
5bus,hierarchical,dirac,80,read_preprocess,0.0038329584,0.00017852374797292376,
5bus,hierarchical,dirac,80,cluster,0.0200846998,0.0022167557693862443,
5bus,hierarchical,dirac,80,fit_weights,1.3084e-6,4.636704648778052e-7,
5bus,hierarchical,dirac,80,formulate_model,0.2698544416,0.028370894824928047,
5bus,hierarchical,dirac,80,solve,0.3963487248,0.007825198736152719,
5bus,hierarchical,convex,10,read_preprocess,0.0035924418,4.6721806029947135e-5,
5bus,hierarchical,convex,10,cluster,0.0277041,0.020810809526982884,
5bus,hierarchical,convex,10,fit_weights,0.10487362519999999,0.09489299776319973,
5bus,hierarchical,convex,10,formulate_model,0.0777383834,0.007859558618446541,
5bus,hierarchical,convex,10,solve,0.0563172,0.001533759455884137,
5bus,hierarchical,convex,20,read_preprocess,0.0035333249999999995,0.0001278452109056103,
5bus,hierarchical,convex,20,cluster,0.0644367666,0.10390044970437126,
5bus,hierarchical,convex,20,fit_weights,0.2582210334,0.11539996890222944,
5bus,hierarchical,convex,20,formulate_model,0.0933551918,0.013609660899133185,
5bus,hierarchical,convex,20,solve,0.1273085,0.00530843145862801,
5bus,hierarchical,convex,40,read_preprocess,0.0036376330000000004,7.910478612258552e-5,
5bus,hierarchical,convex,40,cluster,0.06643979159999999,0.10664654952862268,
5bus,hierarchical,convex,40,fit_weights,0.5952705417999999,0.11457413656470743,
5bus,hierarchical,convex,40,formulate_model,0.1196665666,0.0026571792767459807,
5bus,hierarchical,convex,40,solve,0.28480151659999997,0.004268622691678519,
5bus,hierarchical,convex,80,read_preprocess,0.0037331334,3.488290082260929e-5,
5bus,hierarchical,convex,80,cluster,0.0209722252,0.00488032274808805,
5bus,hierarchical,convex,80,fit_weights,1.4956610832,0.02773571467462772,
5bus,hierarchical,convex,80,formulate_model,0.2042680166,0.004611137955479999,
5bus,hierarchical,convex,80,solve,0.48895440020000003,0.019871455586337555,
5bus,chronological,dirac,10,read_preprocess,0.0035235168000000002,6.578363953674191e-5,
5bus,chronological,dirac,10,cluster,0.017768216799999997,0.0005492830684844571,
5bus,chronological,dirac,10,fit_weights,1.3418e-6,4.0951886403436893e-7,
5bus,chronological,dirac,10,formulate_model,0.0776524584,0.0006228033934636215,
5bus,chronological,dirac,10,solve,0.0330694668,0.00013810024196466824,
5bus,chronological,dirac,20,read_preprocess,0.0035402084,0.00012560201298864593,
5bus,chronological,dirac,20,cluster,0.0174880164,0.0001064339701613165,
5bus,chronological,dirac,20,fit_weights,3.1002e-6,3.851194645820957e-6,
5bus,chronological,dirac,20,formulate_model,0.1042144998,0.0014219175494903724,
5bus,chronological,dirac,20,solve,0.0936713916,0.003739445311117183,
5bus,chronological,dirac,40,read_preprocess,0.0038286748,0.00020493603960919146,
5bus,chronological,dirac,40,cluster,0.0182383582,0.00023873363182991129,
5bus,chronological,dirac,40,fit_weights,1.9e-6,1.2971202719871432e-6,
5bus,chronological,dirac,40,formulate_model,0.153577,0.0008411342577635867,
5bus,chronological,dirac,40,solve,0.1939873666,0.009308314774452863,
5bus,chronological,dirac,80,read_preprocess,0.0044650248,0.0018155797838447364,
5bus,chronological,dirac,80,cluster,0.0183462168,0.00028189702021163675,
5bus,chronological,dirac,80,fit_weights,1.4666e-6,3.476130032090284e-7,
5bus,chronological,dirac,80,formulate_model,0.2557099418,0.0023881397593801374,
5bus,chronological,dirac,80,solve,0.3642892752,0.005068793624200015,
5bus,chronological,convex,10,read_preprocess,0.003531683,8.022953992451906e-5,
5bus,chronological,convex,10,cluster,0.06347089980000001,0.10205005381163339,
5bus,chronological,convex,10,fit_weights,0.0782338334,0.1016693880849797,
5bus,chronological,convex,10,formulate_model,0.07762671659999999,0.00666580046215496,
5bus,chronological,convex,10,solve,0.0457806668,0.0012900237165483447,
5bus,chronological,convex,20,read_preprocess,0.0035008166,0.00010597145172545295,
5bus,chronological,convex,20,cluster,0.017233275,0.00038271099551815785,
5bus,chronological,convex,20,fit_weights,0.20480427520000002,0.0889066608411993,
5bus,chronological,convex,20,formulate_model,0.0975624998,0.01299014574981477,
5bus,chronological,convex,20,solve,0.1223409084,0.0010170862563088248,
5bus,chronological,convex,40,read_preprocess,0.0036943502000000004,7.624851568850377e-5,
5bus,chronological,convex,40,cluster,0.0183226334,0.0001551847298344782,
5bus,chronological,convex,40,fit_weights,0.5589643168,0.00621127675305718,
5bus,chronological,convex,40,formulate_model,0.11994539159999999,0.0010433365891536655,
5bus,chronological,convex,40,solve,0.2711253998,0.008527111671002193,
5bus,chronological,convex,80,read_preprocess,0.0037293834000000003,4.364743476196496e-5,
5bus,chronological,convex,80,cluster,0.0184326416,0.00017879367237349323,
5bus,chronological,convex,80,fit_weights,1.327552983,0.03175921550881058,
5bus,chronological,convex,80,formulate_model,0.20023231680000003,0.003528070591808461,
5bus,chronological,convex,80,solve,0.459676533,0.005689090583055906,
5bus,convex_hull,dirac,10,read_preprocess,0.0034636918000000004,0.00010628053482270411,
5bus,convex_hull,dirac,10,cluster,0.1139251416,0.10116345212092935,
5bus,convex_hull,dirac,10,fit_weights,1.1249999999999998e-6,2.5838730618975846e-7,
5bus,convex_hull,dirac,10,formulate_model,0.0629402582,0.0006328995812178263,
5bus,convex_hull,dirac,10,solve,0.0533143166,0.0004096652221006793,
5bus,convex_hull,dirac,20,read_preprocess,0.0034816084000000003,7.536758234347176e-5,
5bus,convex_hull,dirac,20,cluster,0.2947083,0.10526035559487547,
5bus,convex_hull,dirac,20,fit_weights,1.1e-6,1.1270093167316768e-7,
5bus,convex_hull,dirac,20,formulate_model,0.08166610839999999,0.0019996371324974916,
5bus,convex_hull,dirac,20,solve,0.10372279180000002,0.001826472347463463,
5bus,convex_hull,dirac,40,read_preprocess,0.003819467,0.00019219057984068823,
5bus,convex_hull,dirac,40,cluster,1.0585303748000001,0.02606358249512489,
5bus,convex_hull,dirac,40,fit_weights,1.0336000000000001e-6,1.8455703725406952e-7,
5bus,convex_hull,dirac,40,formulate_model,0.115578958,0.004438598665951788,
5bus,convex_hull,dirac,40,solve,0.1926211666,0.010769900019576166,
5bus,convex_hull,dirac,80,read_preprocess,0.003691725,2.6252959756949254e-5,
5bus,convex_hull,dirac,80,cluster,3.3486575754,0.19975921371822258,
5bus,convex_hull,dirac,80,fit_weights,1.8084e-6,2.0080786837173497e-7,
5bus,convex_hull,dirac,80,formulate_model,0.2565543752,0.01387635891661305,
5bus,convex_hull,dirac,80,solve,0.4097128834,0.006502537576735697,
5bus,convex_hull,convex,10,read_preprocess,0.0035288585999999995,9.111697158762474e-5,
5bus,convex_hull,convex,10,cluster,0.0549032916,0.0010447880146064546,
5bus,convex_hull,convex,10,fit_weights,0.0207931086,0.0006776124449102886,
5bus,convex_hull,convex,10,formulate_model,0.067066125,0.001186947828428021,
5bus,convex_hull,convex,10,solve,0.05735340800000001,0.0021766712437388206,
5bus,convex_hull,convex,20,read_preprocess,0.0034886168,5.683571863449966e-5,
5bus,convex_hull,convex,20,cluster,0.28547656660000004,0.08142943597657416,
5bus,convex_hull,convex,20,fit_weights,0.1667735752,0.10158166749675823,
5bus,convex_hull,convex,20,formulate_model,0.08520334999999998,0.001464259072477788,
5bus,convex_hull,convex,20,solve,0.12064220839999999,0.0035113693394893393,
5bus,convex_hull,convex,40,read_preprocess,0.0036798918,4.079652458482214e-5,
5bus,convex_hull,convex,40,cluster,0.8006788752,0.01329471056305801,
5bus,convex_hull,convex,40,fit_weights,0.2341891084,0.003678284792893938,
5bus,convex_hull,convex,40,formulate_model,0.1293726584,0.006273081544139082,
5bus,convex_hull,convex,40,solve,0.2384844668,0.008139914733541795,
5bus,convex_hull,convex,80,read_preprocess,0.0036594419999999997,6.513370687286267e-5,
5bus,convex_hull,convex,80,cluster,3.485664242,0.3851300274133287,
5bus,convex_hull,convex,80,fit_weights,0.9244959582,0.006088305197624107,
5bus,convex_hull,convex,80,formulate_model,0.20446867539999997,0.00250146648405966,
5bus,convex_hull,convex,80,solve,0.48333956679999995,0.04291756075572031,
5bus,,,1,solve,2.4476004666,0.08757796729033392,full_reference
p2x,k_means,dirac,10,read_preprocess,0.0083879082,9.239024436703252e-5,
p2x,k_means,dirac,10,cluster,0.626125833,0.3460149862299617,
p2x,k_means,dirac,10,fit_weights,1.4415999999999999e-6,5.021800473933627e-7,
p2x,k_means,dirac,10,formulate_model,1.3402517835999999,0.13485980383602258,
p2x,k_means,dirac,10,solve,1.5572029247999999,0.14608282464507402,
p2x,k_means,dirac,20,read_preprocess,0.0086701836,2.9256158826817972e-5,
p2x,k_means,dirac,20,cluster,0.457452775,0.011120439124615763,
p2x,k_means,dirac,20,fit_weights,1.7916000000000003e-6,2.182001374884993e-7,
p2x,k_means,dirac,20,formulate_model,2.1176255664,0.4695359341531751,
p2x,k_means,dirac,20,solve,4.2618193418,0.42600353506336536,
p2x,k_means,dirac,40,read_preprocess,0.0086648748,3.784595999178755e-5,
p2x,k_means,dirac,40,cluster,0.4654482666,0.01571967847513518,
p2x,k_means,dirac,40,fit_weights,1.7416e-6,8.013925380236583e-8,
p2x,k_means,dirac,40,formulate_model,3.7261144911999997,0.09033699039056876,
p2x,k_means,dirac,40,solve,9.81787565,0.9575057060512736,
p2x,k_means,dirac,80,read_preprocess,0.0086994166,4.125018299716985e-5,
p2x,k_means,dirac,80,cluster,0.4789859084,0.019622058193555884,
p2x,k_means,dirac,80,fit_weights,1.6168e-6,5.544918394349911e-7,
p2x,k_means,dirac,80,formulate_model,5.7562388334,0.15166580692973286,
p2x,k_means,dirac,80,solve,21.790404708399997,1.40179380298387,
p2x,k_means,convex,10,read_preprocess,0.008720742,0.00016734848039047132,
p2x,k_means,convex,10,cluster,0.45974033299999995,0.018061345870794495,
p2x,k_means,convex,10,fit_weights,0.1163474582,0.0712857346510252,
p2x,k_means,convex,10,formulate_model,1.4529948745999999,0.4161913303867649,
p2x,k_means,convex,10,solve,2.0028025502,0.1304293061373292,
p2x,k_means,convex,20,read_preprocess,0.0086966168,4.915091841156212e-5,
p2x,k_means,convex,20,cluster,0.46991633340000005,0.020237475021035328,
p2x,k_means,convex,20,fit_weights,0.48236554960000005,0.45607235575217747,
p2x,k_means,convex,20,formulate_model,2.0104592086,0.4695212444373975,
p2x,k_means,convex,20,solve,4.6377725002,1.6558497791363485,
p2x,k_means,convex,40,read_preprocess,0.008700841599999998,0.00010644770325986437,
p2x,k_means,convex,40,cluster,0.471778358,0.01559048333554599,
p2x,k_means,convex,40,fit_weights,1.5087764667999999,0.6275722081179873,
p2x,k_means,convex,40,formulate_model,2.9974810833999994,0.5737469699719213,
p2x,k_means,convex,40,solve,13.092571049999998,3.563178926969885,
p2x,k_means,convex,80,read_preprocess,0.0087126752,4.2676107468934437e-5,
p2x,k_means,convex,80,cluster,0.4893333748,0.01259449366777171,
p2x,k_means,convex,80,fit_weights,3.1118614748,0.6074877051382028,
p2x,k_means,convex,80,formulate_model,5.5139921168,0.7393197670873638,
p2x,k_means,convex,80,solve,38.290198225,9.503107485806215,
p2x,hierarchical,dirac,10,read_preprocess,0.008718667,8.59626747984262e-5,
p2x,hierarchical,dirac,10,cluster,0.4507336082,0.03346940478620332,
p2x,hierarchical,dirac,10,fit_weights,1.6416e-6,2.98356833338873e-7,
p2x,hierarchical,dirac,10,formulate_model,1.2963861752,0.09548006634079945,
p2x,hierarchical,dirac,10,solve,1.6077674832,0.08331214536402641,
p2x,hierarchical,dirac,20,read_preprocess,0.0086813666,4.028670805985519e-5,
p2x,hierarchical,dirac,20,cluster,0.4367401332,0.02629970247686914,
p2x,hierarchical,dirac,20,fit_weights,1.8248000000000003e-6,8.01667013166938e-8,
p2x,hierarchical,dirac,20,formulate_model,1.9248004998,0.4095581579651557,
p2x,hierarchical,dirac,20,solve,3.7196745831999998,0.16293365461067577,
p2x,hierarchical,dirac,40,read_preprocess,0.008790516600000001,0.00016759003300554633,
p2x,hierarchical,dirac,40,cluster,0.44835306680000003,0.028820814259976565,
p2x,hierarchical,dirac,40,fit_weights,1.5752000000000002e-6,3.671174199081269e-7,
p2x,hierarchical,dirac,40,formulate_model,3.5273357917999997,0.48285890819694716,
p2x,hierarchical,dirac,40,solve,9.7247270666,0.5223613470575876,
p2x,hierarchical,dirac,80,read_preprocess,0.0087073754,8.394056325638965e-5,
p2x,hierarchical,dirac,80,cluster,0.5146233084,0.08959724248015355,
p2x,hierarchical,dirac,80,fit_weights,1.8332e-6,1.216786752064634e-7,
p2x,hierarchical,dirac,80,formulate_model,5.9747799418,0.16013428821955109,
p2x,hierarchical,dirac,80,solve,20.0378131836,0.24052240601354966,
p2x,hierarchical,convex,10,read_preprocess,0.0087462166,0.00014748897301595097,
p2x,hierarchical,convex,10,cluster,0.43468121680000005,0.004555425808563202,
p2x,hierarchical,convex,10,fit_weights,0.1543472084,0.08587771076096364,
p2x,hierarchical,convex,10,formulate_model,1.6952278248,0.4581333290127898,
p2x,hierarchical,convex,10,solve,2.5726997752,0.33954646545383066,
p2x,hierarchical,convex,20,read_preprocess,0.008674425400000001,1.9963680529902245e-5,
p2x,hierarchical,convex,20,cluster,0.43272381679999994,0.008828875928576244,
p2x,hierarchical,convex,20,fit_weights,0.7836241164,0.5148210463463759,
p2x,hierarchical,convex,20,formulate_model,2.0753868663999997,0.32155575719187013,
p2x,hierarchical,convex,20,solve,6.193111683400001,0.332676962688945,
p2x,hierarchical,convex,40,read_preprocess,0.008680458200000001,7.398543822739699e-5,
p2x,hierarchical,convex,40,cluster,0.45437641660000005,0.019210155771154144,
p2x,hierarchical,convex,40,fit_weights,0.8838369668,0.5598007478237894,
p2x,hierarchical,convex,40,formulate_model,3.4489327748000003,0.6178659337773138,
p2x,hierarchical,convex,40,solve,8.9365755666,0.1041694722697158,
p2x,hierarchical,convex,80,read_preprocess,0.0087275666,0.00013007113779120983,
p2x,hierarchical,convex,80,cluster,0.44318279159999996,0.01611623689357171,
p2x,hierarchical,convex,80,fit_weights,2.3107246666,0.4241047910210218,
p2x,hierarchical,convex,80,formulate_model,5.710052758000001,0.6147788207500196,
p2x,hierarchical,convex,80,solve,23.936996816600004,0.32500548302057564,
p2x,chronological,dirac,10,read_preprocess,0.0086979164,5.266768313966315e-5,
p2x,chronological,dirac,10,cluster,0.4324277584,0.0074528138890570935,
p2x,chronological,dirac,10,fit_weights,1.7834000000000002e-6,9.931163073880116e-8,
p2x,chronological,dirac,10,formulate_model,1.4316782334,0.34240898890440785,
p2x,chronological,dirac,10,solve,1.3133611332000001,0.07041495402394014,
p2x,chronological,dirac,20,read_preprocess,0.0086615832,3.83072404866235e-5,
p2x,chronological,dirac,20,cluster,0.4475570336,0.022652416784954717,
p2x,chronological,dirac,20,fit_weights,1.6582e-6,4.256338802304158e-7,
p2x,chronological,dirac,20,formulate_model,2.1489725332000003,0.4940418305439782,
p2x,chronological,dirac,20,solve,2.999284975,0.35546538188770943,
p2x,chronological,dirac,40,read_preprocess,0.0086808914,3.397844257466808e-5,
p2x,chronological,dirac,40,cluster,0.4536791998,0.017434881107910104,
p2x,chronological,dirac,40,fit_weights,1.7e-6,5.157790224505064e-7,
p2x,chronological,dirac,40,formulate_model,3.7239617082,0.07217297882225221,
p2x,chronological,dirac,40,solve,4.972965933399999,0.049984977275046874,
p2x,chronological,dirac,80,read_preprocess,0.008719833199999999,7.866207022256688e-5,
p2x,chronological,dirac,80,cluster,0.43847885,0.01310428954669946,
p2x,chronological,dirac,80,fit_weights,1.4e-6,4.819450176109305e-7,
p2x,chronological,dirac,80,formulate_model,5.8086145996,0.08940785094120773,
p2x,chronological,dirac,80,solve,9.7315597332,0.11066360723753563,
p2x,chronological,convex,10,read_preprocess,0.008677025,2.913806336220681e-5,
p2x,chronological,convex,10,cluster,0.4605442582,0.028718356062195343,
p2x,chronological,convex,10,fit_weights,0.1882381582,0.09235079527977719,
p2x,chronological,convex,10,formulate_model,1.8490739748,0.512606537639492,
p2x,chronological,convex,10,solve,2.2154828832,0.08940193933936277,
p2x,chronological,convex,20,read_preprocess,0.0086956166,5.309957109337105e-5,
p2x,chronological,convex,20,cluster,0.4328663584,0.0039387644036201624,
p2x,chronological,convex,20,fit_weights,0.43591475820000003,0.3860575819640942,
p2x,chronological,convex,20,formulate_model,1.7902851918,0.0783850228239198,
p2x,chronological,convex,20,solve,6.2060416499999995,0.4226124755277454,
p2x,chronological,convex,40,read_preprocess,0.0086472252,9.464098521359582e-5,
p2x,chronological,convex,40,cluster,0.44640170800000006,0.01909712424353342,
p2x,chronological,convex,40,fit_weights,1.1679108252,0.6477424966815476,
p2x,chronological,convex,40,formulate_model,3.4846250250000006,0.5738325438852713,
p2x,chronological,convex,40,solve,13.4332635498,0.15420887259278976,
p2x,chronological,convex,80,read_preprocess,0.0087380584,0.00016104279011275224,
p2x,chronological,convex,80,cluster,0.4893934834000001,0.04208814176020018,
p2x,chronological,convex,80,fit_weights,2.3772983084,0.4646909161447641,
p2x,chronological,convex,80,formulate_model,5.4776347836,0.6005216711642466,
p2x,chronological,convex,80,solve,46.454963458,0.31983601906194614,
p2x,convex_hull,dirac,10,read_preprocess,0.008708882800000001,6.682416435467021e-5,
p2x,convex_hull,dirac,10,cluster,1.8585733748,0.09469840325364087,
p2x,convex_hull,dirac,10,fit_weights,1.0751999999999999e-6,2.348109878178617e-7,
p2x,convex_hull,dirac,10,formulate_model,1.2738120668000001,0.07579475892815864,
p2x,convex_hull,dirac,10,solve,1.5807124582,0.028179535636244205,
p2x,convex_hull,dirac,20,read_preprocess,0.0086841582,1.7210512897644684e-5,
p2x,convex_hull,dirac,20,cluster,1.9347530498,0.6468722362755694,
p2x,convex_hull,dirac,20,fit_weights,1.275e-6,1.4330038380967449e-7,
p2x,convex_hull,dirac,20,formulate_model,1.6735736499999998,0.051237007182041,
p2x,convex_hull,dirac,20,solve,3.8422906998000004,0.08306147615664876,
p2x,convex_hull,dirac,40,read_preprocess,0.008735174799999999,0.00014600049899127072,
p2x,convex_hull,dirac,40,cluster,3.9643719833999995,0.46736818768349564,
p2x,convex_hull,dirac,40,fit_weights,1.9247999999999998e-6,1.962783737450461e-7,
p2x,convex_hull,dirac,40,formulate_model,2.908165125,0.3606505682688201,
p2x,convex_hull,dirac,40,solve,9.1090315752,0.056741374467843796,
p2x,convex_hull,dirac,80,read_preprocess,0.0086720918,6.98765381777027e-5,
p2x,convex_hull,dirac,80,cluster,10.9545195418,0.6367879537285931,
p2x,convex_hull,dirac,80,fit_weights,1.1082e-6,1.0021576722252841e-7,
p2x,convex_hull,dirac,80,formulate_model,4.6868693332,0.48998740849200034,
p2x,convex_hull,dirac,80,solve,19.243547525,0.2455586036002612,
p2x,convex_hull,convex,10,read_preprocess,0.0087970416,0.00015838787983712643,
p2x,convex_hull,convex,10,cluster,0.7572776248,0.078879832856594,
p2x,convex_hull,convex,10,fit_weights,0.0578044,0.010321844676218803,
p2x,convex_hull,convex,10,formulate_model,1.3897894414,0.1131816743535379,
p2x,convex_hull,convex,10,solve,2.2423866416,0.10311780342213583,
p2x,convex_hull,convex,20,read_preprocess,0.008708366399999999,0.00019008455755873508,
p2x,convex_hull,convex,20,cluster,1.9306632334,0.7024902110381854,
p2x,convex_hull,convex,20,fit_weights,0.168746275,0.010221711903237047,
p2x,convex_hull,convex,20,formulate_model,1.7653993915999997,0.020549153679439245,
p2x,convex_hull,convex,20,solve,4.2292153834,0.0558367516597469,
p2x,convex_hull,convex,40,read_preprocess,0.0086341918,3.452816069094931e-5,
p2x,convex_hull,convex,40,cluster,4.095238958200001,0.5791631482489784,
p2x,convex_hull,convex,40,fit_weights,0.5731486997999999,0.03383610813803015,
p2x,convex_hull,convex,40,formulate_model,2.8366749168,0.10583637914050177,
p2x,convex_hull,convex,40,solve,9.0175942334,0.1290894022850596,
p2x,convex_hull,convex,80,read_preprocess,0.008731725199999998,9.093642493907497e-5,
p2x,convex_hull,convex,80,cluster,10.8448657252,0.5774923855438294,
p2x,convex_hull,convex,80,fit_weights,2.2022781914000005,0.6460457998723779,
p2x,convex_hull,convex,80,formulate_model,5.1203082252000005,0.5655370874888296,
p2x,convex_hull,convex,80,solve,40.1871961834,0.32908223127544667,
p2x,,,1,solve,64.3240726002,0.8680623933687507,full_reference
118bus,k_means,dirac,10,read_preprocess,0.0088558416,7.349222125368117e-5,
118bus,k_means,dirac,10,cluster,0.7952237166,0.5746075904175333,
118bus,k_means,dirac,10,fit_weights,0.0012835584,0.0007644263856335677,
118bus,k_means,dirac,10,formulate_model,1.4779377251999999,0.38755360381083864,
118bus,k_means,dirac,10,solve,0.9741058166000001,0.04708908291137998,
118bus,k_means,dirac,20,read_preprocess,0.00916345,6.351422352906437e-5,
118bus,k_means,dirac,20,cluster,0.6315810752,0.0974871983971817,
118bus,k_means,dirac,20,fit_weights,0.00064245,0.0008789007409827346,
118bus,k_means,dirac,20,formulate_model,2.3176502333999998,0.5765541663255334,
118bus,k_means,dirac,20,solve,2.3882141748,0.3893259559091826,
118bus,k_means,dirac,40,read_preprocess,0.0091836666,0.00013014576243312753,
118bus,k_means,dirac,40,cluster,0.6013483584,0.0801923153459062,
118bus,k_means,dirac,40,fit_weights,0.0013167749999999998,0.0007614574450519214,
118bus,k_means,dirac,40,formulate_model,3.6633115247999997,0.5892767290322842,
118bus,k_means,dirac,40,solve,5.6286290918,0.22285243693530246,
118bus,k_means,dirac,80,read_preprocess,0.0096818166,0.0012517226616292844,
118bus,k_means,dirac,80,cluster,0.6356139333999999,0.0859867328061873,
118bus,k_means,dirac,80,fit_weights,0.0013668,0.00033647912268073925,
118bus,k_means,dirac,80,formulate_model,6.876049849999999,0.1369550547978383,
118bus,k_means,dirac,80,solve,12.73307645,0.6237626768917526,
118bus,k_means,convex,10,read_preprocess,0.0093597584,0.00022409291394932611,
118bus,k_means,convex,10,cluster,0.5712971499999999,0.024722122425983414,
118bus,k_means,convex,10,fit_weights,0.14239149140000001,0.10735983265616073,
118bus,k_means,convex,10,formulate_model,1.6725160916,0.42963114409677133,
118bus,k_means,convex,10,solve,1.3087683502,0.10449234171585016,
118bus,k_means,convex,20,read_preprocess,0.009270258200000001,0.00032454255734910945,
118bus,k_means,convex,20,cluster,0.6212102666000001,0.08655218917971641,
118bus,k_means,convex,20,fit_weights,0.6428028586000001,0.5179222624310043,
118bus,k_means,convex,20,formulate_model,2.2508937,0.35936976108432034,
118bus,k_means,convex,20,solve,2.6310943084000002,0.06198015756158331,
118bus,k_means,convex,40,read_preprocess,0.0090874832,5.059828720618921e-5,
118bus,k_means,convex,40,cluster,0.5923115832,0.07596911278802113,
118bus,k_means,convex,40,fit_weights,1.6454827582,0.5605587533687001,
118bus,k_means,convex,40,formulate_model,3.3501042166000006,0.4381465070211649,
118bus,k_means,convex,40,solve,6.5959579418,0.3909585004377314,
118bus,k_means,convex,80,read_preprocess,0.0105614082,0.0027116869619100946,
118bus,k_means,convex,80,cluster,0.6225042084,0.11510839047679408,
118bus,k_means,convex,80,fit_weights,2.6462528582,0.5217378892114416,
118bus,k_means,convex,80,formulate_model,6.3576579498,0.6588811887404554,
118bus,k_means,convex,80,solve,20.1751380084,1.2605914445357904,
118bus,hierarchical,dirac,10,read_preprocess,0.0117969252,0.006017323263619689,
118bus,hierarchical,dirac,10,cluster,0.5650190831999999,0.02697792404621207,
118bus,hierarchical,dirac,10,fit_weights,0.001202575,0.0012466482738727872,
118bus,hierarchical,dirac,10,formulate_model,1.3277674668,0.08926303472851962,
118bus,hierarchical,dirac,10,solve,1.0970892831999999,0.10791712339746969,
118bus,hierarchical,dirac,20,read_preprocess,0.009166491799999999,3.7894708881319936e-5,
118bus,hierarchical,dirac,20,cluster,0.5514893667999999,0.031000911638088078,
118bus,hierarchical,dirac,20,fit_weights,0.0014998000000000001,0.00028272017968302164,
118bus,hierarchical,dirac,20,formulate_model,2.2835775414,0.503905345085423,
118bus,hierarchical,dirac,20,solve,2.6395809082,0.33145331937665956,
118bus,hierarchical,dirac,40,read_preprocess,0.009214783399999999,6.04883741251159e-5,
118bus,hierarchical,dirac,40,cluster,0.5283116999999999,0.014209802254299159,
118bus,hierarchical,dirac,40,fit_weights,0.0015915999999999999,0.00035564139241657457,
118bus,hierarchical,dirac,40,formulate_model,3.7277967000000003,0.5397282888443609,
118bus,hierarchical,dirac,40,solve,5.1118970167999995,0.47587176657865,
118bus,hierarchical,dirac,80,read_preprocess,0.0092972586,0.0002888615397752004,
118bus,hierarchical,dirac,80,cluster,0.6536743666,0.132014548630123,
118bus,hierarchical,dirac,80,fit_weights,0.0009838999999999998,0.0009148371542247287,
118bus,hierarchical,dirac,80,formulate_model,6.845819433199999,0.07005384284933275,
118bus,hierarchical,dirac,80,solve,10.921649308400001,0.3087877901990144,
118bus,hierarchical,convex,10,read_preprocess,0.009211842000000001,9.793800210847669e-5,
118bus,hierarchical,convex,10,cluster,0.5923277918000001,0.04591886134607235,
118bus,hierarchical,convex,10,fit_weights,0.09518128340000001,0.040551601769495765,
118bus,hierarchical,convex,10,formulate_model,1.3109303336000002,0.03917206983281482,
118bus,hierarchical,convex,10,solve,1.3393795836,0.07364881478301072,
118bus,hierarchical,convex,20,read_preprocess,0.009136100000000001,0.00011907230745643634,
118bus,hierarchical,convex,20,cluster,0.5509420416,0.02699243236731427,
118bus,hierarchical,convex,20,fit_weights,0.8371572418,0.5521799628596777,
118bus,hierarchical,convex,20,formulate_model,1.9669224002,0.08058734307615974,
118bus,hierarchical,convex,20,solve,2.8055312585999994,0.06998709126017122,
118bus,hierarchical,convex,40,read_preprocess,0.0093144584,0.00020125523029799737,
118bus,hierarchical,convex,40,cluster,0.5386280334,0.05486914044497271,
118bus,hierarchical,convex,40,fit_weights,1.4448213252,0.7123802836757068,
118bus,hierarchical,convex,40,formulate_model,3.123528975,0.04607284918241544,
118bus,hierarchical,convex,40,solve,7.0422001412,0.11352242491929725,
118bus,hierarchical,convex,80,read_preprocess,0.0091845834,0.00016411424941576477,
118bus,hierarchical,convex,80,cluster,0.5747064164,0.03367837584142799,
118bus,hierarchical,convex,80,fit_weights,2.4858010831999997,0.6101338305196473,
118bus,hierarchical,convex,80,formulate_model,6.4301818084,0.9258224772639175,
118bus,hierarchical,convex,80,solve,19.531415425400002,0.2769929296715101,
118bus,chronological,dirac,10,read_preprocess,0.0092110582,9.905009180308744e-5,
118bus,chronological,dirac,10,cluster,0.5394622002,0.02203760091475659,
118bus,chronological,dirac,10,fit_weights,0.0006173166,0.0008759987672318952,
118bus,chronological,dirac,10,formulate_model,1.4418037248,0.38352628841202185,
118bus,chronological,dirac,10,solve,0.843871375,0.08058156198568378,
118bus,chronological,dirac,20,read_preprocess,0.009157533200000002,6.13436886990014e-5,
118bus,chronological,dirac,20,cluster,0.7248293834,0.39496350270012215,
118bus,chronological,dirac,20,fit_weights,0.0013333584,0.0007757792071542006,
118bus,chronological,dirac,20,formulate_model,1.9671273418000002,0.21294516290594126,
118bus,chronological,dirac,20,solve,1.8620327914,0.4056180360476865,
118bus,chronological,dirac,40,read_preprocess,0.009090142,2.654609840447396e-5,
118bus,chronological,dirac,40,cluster,0.5260122002,0.013359295545872516,
118bus,chronological,dirac,40,fit_weights,0.0005672752,0.000775787932426575,
118bus,chronological,dirac,40,formulate_model,3.7215652498000003,0.5530513577147882,
118bus,chronological,dirac,40,solve,4.221534,0.46817343245032955,
118bus,chronological,dirac,80,read_preprocess,0.009259633399999998,0.0002660453411493986,
118bus,chronological,dirac,80,cluster,0.5695474,0.03950941573544633,
118bus,chronological,dirac,80,fit_weights,0.0009751499999999999,0.0005743679025676836,
118bus,chronological,dirac,80,formulate_model,6.962348108399999,0.1216543951626819,
118bus,chronological,dirac,80,solve,8.5604490086,0.1836697550258598,
118bus,chronological,convex,10,read_preprocess,0.009303325,0.0003327140717628279,
118bus,chronological,convex,10,cluster,0.5749845834,0.040920886685935784,
118bus,chronological,convex,10,fit_weights,0.1641515,0.11980782759586062,
118bus,chronological,convex,10,formulate_model,1.7162423413999999,0.5071848753316531,
118bus,chronological,convex,10,solve,1.3354983584,0.07948768853243739,
118bus,chronological,convex,20,read_preprocess,0.009244908199999999,0.00021559917675677701,
118bus,chronological,convex,20,cluster,0.5553323581999999,0.03266146880170283,
118bus,chronological,convex,20,fit_weights,0.9096350166,0.6014512061132605,
118bus,chronological,convex,20,formulate_model,2.0156984418,0.1094453051680132,
118bus,chronological,convex,20,solve,2.6821044998,0.4202730628847479,
118bus,chronological,convex,40,read_preprocess,0.009239633399999999,0.00019842436720020064,
118bus,chronological,convex,40,cluster,0.5567536414,0.027666513591387595,
118bus,chronological,convex,40,fit_weights,1.7613719586000003,0.5914629607746921,
118bus,chronological,convex,40,formulate_model,3.3988755338000005,0.5083968925372065,
118bus,chronological,convex,40,solve,7.005952450200001,0.21771456300189637,
118bus,chronological,convex,80,read_preprocess,0.00925685,0.00019110504366839698,
118bus,chronological,convex,80,cluster,0.5375585418000001,0.02151746315961194,
118bus,chronological,convex,80,fit_weights,2.4600991914,0.5902047954140711,
118bus,chronological,convex,80,formulate_model,6.8157211832,0.8005413369668923,
118bus,chronological,convex,80,solve,20.4897469668,0.27491270072602764,
118bus,convex_hull,dirac,10,read_preprocess,0.0091845082,0.00015287903538811304,
118bus,convex_hull,dirac,10,cluster,1.3482959414,0.691498578032807,
118bus,convex_hull,dirac,10,fit_weights,0.00044235000000000005,0.0006046312822704429,
118bus,convex_hull,dirac,10,formulate_model,1.3058693498,0.0716806895798016,
118bus,convex_hull,dirac,10,solve,1.0716214664000001,0.061580221645034315,
118bus,convex_hull,dirac,20,read_preprocess,0.0091479584,8.59140187123148e-5,
118bus,convex_hull,dirac,20,cluster,2.3428092166,0.6189523719563803,
118bus,convex_hull,dirac,20,fit_weights,0.0007172,0.0006645300830286014,
118bus,convex_hull,dirac,20,formulate_model,1.7956707168000001,0.026398369828556867,
118bus,convex_hull,dirac,20,solve,2.1938558336,0.06823764925650469,
118bus,convex_hull,dirac,40,read_preprocess,0.0091908582,0.00011732421893496668,
118bus,convex_hull,dirac,40,cluster,3.796630425,0.084995491430681,
118bus,convex_hull,dirac,40,fit_weights,0.0009590999999999998,0.0008980751917295122,
118bus,convex_hull,dirac,40,formulate_model,3.1239248334000003,0.04354149014428847,
118bus,convex_hull,dirac,40,solve,6.022231250000001,0.032118900674075766,
118bus,convex_hull,dirac,80,read_preprocess,0.009249525,0.0001916559394644475,
118bus,convex_hull,dirac,80,cluster,10.241112325,0.2260916962180833,
118bus,convex_hull,dirac,80,fit_weights,0.0004337417999999999,0.0005934325395200368,
118bus,convex_hull,dirac,80,formulate_model,5.523617475,0.2961002899794409,
118bus,convex_hull,dirac,80,solve,15.414650925,0.1653287611886255,
118bus,convex_hull,convex,10,read_preprocess,0.0092284334,0.00013112308029023727,
118bus,convex_hull,convex,10,cluster,1.0907096918,0.5190082437629557,
118bus,convex_hull,convex,10,fit_weights,0.079139133,0.08391669394557177,
118bus,convex_hull,convex,10,formulate_model,1.4943155504,0.4512372706484692,
118bus,convex_hull,convex,10,solve,1.4369712582,0.06065721871065391,
118bus,convex_hull,convex,20,read_preprocess,0.009182500199999999,6.527800298492536e-5,
118bus,convex_hull,convex,20,cluster,2.5931082668000003,0.019996220246392155,
118bus,convex_hull,convex,20,fit_weights,0.1461521664,0.014865457608186318,
118bus,convex_hull,convex,20,formulate_model,1.8740675167999998,0.036729583791631645,
118bus,convex_hull,convex,20,solve,2.9162427082000004,0.11483648640148059,
118bus,convex_hull,convex,40,read_preprocess,0.009131408400000002,0.0001501018836683938,
118bus,convex_hull,convex,40,cluster,3.4841098336000003,0.4912322362167746,
118bus,convex_hull,convex,40,fit_weights,0.4065523666,0.025620511650886437,
118bus,convex_hull,convex,40,formulate_model,3.0957368,0.13826413522248399,
118bus,convex_hull,convex,40,solve,6.9572804584,0.08773825027509749,
118bus,convex_hull,convex,80,read_preprocess,0.009244683200000001,0.00021098890253209984,
118bus,convex_hull,convex,80,cluster,9.965472850000001,0.24297301479220215,
118bus,convex_hull,convex,80,fit_weights,1.42606995,0.11424502912390086,
118bus,convex_hull,convex,80,formulate_model,5.436661925199999,0.2219747815682427,
118bus,convex_hull,convex,80,solve,21.4800577834,0.19604122748317165,
118bus,,,1,solve,73.91236345019999,1.4586022750881888,full_reference
